,site,top,bottom,moisture,ftc,length_3d_mm,width_3d_mm,area_3d_mm,vol_3d_mm,eq_diam_mm,eq_sa_mm,pore_shape_factor
1,tool,40,50,0.16,before,0.0112976,0.0112976,0.000319891,1.10E-06,0.0128028,0.000514944,1.609747553
2,tool,40,50,0.16,before,0.0112976,0.0112976,0.000319891,1.10E-06,0.0128028,0.000514944,1.609747553
3,tool,40,50,0.16,before,0.0112976,0.0112976,0.000319891,1.10E-06,0.0128028,0.000514944,1.609747553
4,tool,40,50,0.16,before,0.0112976,0.0112976,0.000319891,1.10E-06,0.0128028,0.000514944,1.609747553
5,tool,40,50,0.16,before,0.0112976,0.0112976,0.000319891,1.10E-06,0.0128028,0.000514944,1.609747553
6,tool,40,50,0.16,before,0.0112976,0.0112976,0.000319891,1.10E-06,0.0128028,0.000514944,1.609747553
7,tool,40,50,0.16,before,0.0234263,0.0112976,0.00060072,2.20E-06,0.0161305,0.000817421,1.360734639
8,tool,40,50,0.16,before,0.0112976,0.0112976,0.000319891,1.10E-06,0.0128028,0.000514944,1.609747553
9,tool,40,50,0.16,before,0.0112976,0.0112976,0.000319891,1.10E-06,0.0128028,0.000514944,1.609747553
10,tool,40,50,0.16,before,0.0112976,0.0112976,0.000319891,1.10E-06,0.0128028,0.000514944,1.609747553
11,tool,40,50,0.16,before,0.0112976,0.0112976,0.000319891,1.10E-06,0.0128028,0.000514944,1.609747553
12,tool,40,50,0.16,before,0.0112976,0.0112976,0.000319891,1.10E-06,0.0128028,0.000514944,1.609747553
13,tool,40,50,0.16,before,0.0112976,0.0112976,0.000319891,1.10E-06,0.0128028,0.000514944,1.609747553
14,tool,40,50,0.16,before,0.0112976,0.0112976,0.000319891,1.10E-06,0.0128028,0.000514944,1.609747553
15,tool,40,50,0.16,before,0.0112976,0.0112976,0.000319891,1.10E-06,0.0128028,0.000514944,1.609747553
16,tool,40,50,0.16,before,0.0112976,0.0112976,0.000319891,1.10E-06,0.0128028,0.000514944,1.609747553
17,tool,40,50,0.16,before,0.0112976,0.0112976,0.000319891,1.10E-06,0.0128028,0.000514944,1.609747553
18,tool,40,50,0.16,before,0.0234263,0.0112976,0.00060072,2.20E-06,0.0161305,0.000817421,1.360734639
19,tool,40,50,0.16,before,0.0112976,0.0112976,0.000319891,1.10E-06,0.0128028,0.000514944,1.609747553
20,tool,40,50,0.16,before,0.0112976,0.0112976,0.000319891,1.10E-06,0.0128028,0.000514944,1.609747553
21,tool,40,50,0.16,before,0.0112976,0.0112976,0.000319891,1.10E-06,0.0128028,0.000514944,1.609747553
22,tool,40,50,0.16,before,0.0112976,0.0112976,0.000319891,1.10E-06,0.0128028,0.000514944,1.609747553
23,tool,40,50,0.16,before,0.0112976,0.0112976,0.000319891,1.10E-06,0.0128028,0.000514944,1.609747553
24,tool,40,50,0.16,before,0.0112976,0.0112976,0.000319891,1.10E-06,0.0128028,0.000514944,1.609747553
25,tool,40,50,0.16,before,0.0112976,0.0112976,0.000319891,1.10E-06,0.0128028,0.000514944,1.609747553
26,tool,40,50,0.16,before,0.0112976,0.0112976,0.000319891,1.10E-06,0.0128028,0.000514944,1.609747553
27,tool,40,50,0.16,before,0.0112976,0.0112976,0.000319891,1.10E-06,0.0128028,0.000514944,1.609747553
28,tool,40,50,0.16,before,0.0112976,0.0112976,0.000319891,1.10E-06,0.0128028,0.000514944,1.609747553
29,tool,40,50,0.16,before,0.0112976,0.0112976,0.000319891,1.10E-06,0.0128028,0.000514944,1.609747553
30,tool,40,50,0.16,before,0.0112976,0.0112976,0.000319891,1.10E-06,0.0128028,0.000514944,1.609747553
31,tool,40,50,0.16,before,0.0112976,0.0112976,0.000319891,1.10E-06,0.0128028,0.000514944,1.609747553
32,tool,40,50,0.16,before,0.0112976,0.0112976,0.000319891,1.10E-06,0.0128028,0.000514944,1.609747553
33,tool,40,50,0.16,before,0.0112976,0.0112976,0.000319891,1.10E-06,0.0128028,0.000514944,1.609747553
34,tool,40,50,0.16,before,0.0112976,0.0112976,0.000319891,1.10E-06,0.0128028,0.000514944,1.609747553
35,tool,40,50,0.16,before,0.0112976,0.0112976,0.000319891,1.10E-06,0.0128028,0.000514944,1.609747553
36,tool,40,50,0.16,before,0.0112976,0.0112976,0.000319891,1.10E-06,0.0128028,0.000514944,1.609747553
37,tool,40,50,0.16,before,0.0112976,0.0112976,0.000319891,1.10E-06,0.0128028,0.000514944,1.609747553
38,tool,40,50,0.16,before,0.0234263,0.0112976,0.00060072,2.20E-06,0.0161305,0.000817421,1.360734639
39,tool,40,50,0.16,before,0.0234263,0.0112976,0.00060072,2.20E-06,0.0161305,0.000817421,1.360734639
40,tool,40,50,0.16,before,0.0112976,0.0112976,0.000319891,1.10E-06,0.0128028,0.000514944,1.609747553
41,tool,40,50,0.16,before,0.0112976,0.0112976,0.000319891,1.10E-06,0.0128028,0.000514944,1.609747553
42,tool,40,50,0.16,before,0.0234263,0.0112976,0.00060072,2.20E-06,0.0161305,0.000817421,1.360734639
43,tool,40,50,0.16,before,0.0112976,0.0112976,0.000319891,1.10E-06,0.0128028,0.000514944,1.609747553
44,tool,40,50,0.16,before,0.0112976,0.0112976,0.000319891,1.10E-06,0.0128028,0.000514944,1.609747553
45,tool,40,50,0.16,before,0.0112976,0.0112976,0.000319891,1.10E-06,0.0128028,0.000514944,1.609747553
46,tool,40,50,0.16,before,0.0112976,0.0112976,0.000319891,1.10E-06,0.0128028,0.000514944,1.609747553
47,tool,40,50,0.16,before,0.0112976,0.0112976,0.000319891,1.10E-06,0.0128028,0.000514944,1.609747553
48,tool,40,50,0.16,before,0.0234263,0.0112976,0.00060072,2.20E-06,0.0161305,0.000817421,1.360734639
49,tool,40,50,0.16,before,0.0334565,0.0112976,0.000881549,3.30E-06,0.0184648,0.001071122,1.215045752
50,tool,40,50,0.16,before,0.0112976,0.0112976,0.000319891,1.10E-06,0.0128028,0.000514944,1.609747553
51,tool,40,50,0.16,before,0.0112976,0.0112976,0.000319891,1.10E-06,0.0128028,0.000514944,1.609747553
52,tool,40,50,0.16,before,0.0112976,0.0112976,0.000319891,1.10E-06,0.0128028,0.000514944,1.609747553
53,tool,40,50,0.16,before,0.0112976,0.0112976,0.000319891,1.10E-06,0.0128028,0.000514944,1.609747553
54,tool,40,50,0.16,before,0.0112976,0.0112976,0.000319891,1.10E-06,0.0128028,0.000514944,1.609747553
55,tool,40,50,0.16,before,0.0112976,0.0112976,0.000319891,1.10E-06,0.0128028,0.000514944,1.609747553
56,tool,40,50,0.16,before,0.0112976,0.0112976,0.000319891,1.10E-06,0.0128028,0.000514944,1.609747553
57,tool,40,50,0.16,before,0.0112976,0.0112976,0.000319891,1.10E-06,0.0128028,0.000514944,1.609747553
58,tool,40,50,0.16,before,0.0112976,0.0112976,0.000319891,1.10E-06,0.0128028,0.000514944,1.609747553
59,tool,40,50,0.16,before,0.0112976,0.0112976,0.000319891,1.10E-06,0.0128028,0.000514944,1.609747553
60,tool,40,50,0.16,before,0.0112976,0.0112976,0.000319891,1.10E-06,0.0128028,0.000514944,1.609747553
61,tool,40,50,0.16,before,0.0112976,0.0112976,0.000319891,1.10E-06,0.0128028,0.000514944,1.609747553
62,tool,40,50,0.16,before,0.0234263,0.0112976,0.00060072,2.20E-06,0.0161305,0.000817421,1.360734639
63,tool,40,50,0.16,before,0.0112976,0.0112976,0.000319891,1.10E-06,0.0128028,0.000514944,1.609747553
64,tool,40,50,0.16,before,0.0112976,0.0112976,0.000319891,1.10E-06,0.0128028,0.000514944,1.609747553
65,tool,40,50,0.16,before,0.0112976,0.0112976,0.000319891,1.10E-06,0.0128028,0.000514944,1.609747553
66,tool,40,50,0.16,before,0.030152,0.0123278,0.00107877,4.40E-06,0.0203232,0.00129758,1.202832612
67,tool,40,50,0.16,before,0.030152,0.0123278,0.00107877,4.40E-06,0.0203232,0.00129758,1.202832612
68,tool,40,50,0.16,before,0.0468862,0.0123278,0.00159588,6.59E-06,0.0232642,0.001700302,1.065432367
69,tool,40,50,0.16,before,0.030152,0.0123278,0.00107877,4.40E-06,0.0203232,0.00129758,1.202832612
70,tool,40,50,0.16,before,0.030152,0.0123278,0.000859275,3.30E-06,0.0184648,0.001071122,1.246541989
71,tool,40,50,0.16,before,0.030152,0.0123278,0.000859275,3.30E-06,0.0184648,0.001071122,1.246541989
72,tool,40,50,0.16,before,0.0380945,0.0123278,0.00111783,4.40E-06,0.0203232,0.00129758,1.160802391
73,tool,40,50,0.16,before,0.0294083,0.0123278,0.000859275,3.30E-06,0.0184648,0.001071122,1.246541989
74,tool,40,50,0.16,before,0.030152,0.0123278,0.000859275,3.30E-06,0.0184648,0.001071122,1.246541989
75,tool,40,50,0.16,before,0.0380945,0.0123278,0.00133732,5.49E-06,0.0218925,0.001505707,1.125914079
76,tool,40,50,0.16,before,0.0379162,0.0123278,0.00133732,5.49E-06,0.0218925,0.001505707,1.125914079
77,tool,40,50,0.16,before,0.0294083,0.0123278,0.000859275,3.30E-06,0.0184648,0.001071122,1.246541989
78,tool,40,50,0.16,before,0.030152,0.0123278,0.000859275,3.30E-06,0.0184648,0.001071122,1.246541989
79,tool,40,50,0.16,before,0.030152,0.0123278,0.000859275,3.30E-06,0.0184648,0.001071122,1.246541989
80,tool,40,50,0.16,before,0.030152,0.0123278,0.00107877,4.40E-06,0.0203232,0.00129758,1.202832612
81,tool,40,50,0.16,before,0.030152,0.0123278,0.000859275,3.30E-06,0.0184648,0.001071122,1.246541989
82,tool,40,50,0.16,before,0.0379162,0.0123278,0.00133732,5.49E-06,0.0218925,0.001505707,1.125914079
83,tool,40,50,0.16,before,0.030152,0.0123278,0.00107877,4.40E-06,0.0203232,0.00129758,1.202832612
84,tool,40,50,0.16,before,0.0294083,0.0123278,0.000859275,3.30E-06,0.0184648,0.001071122,1.246541989
85,tool,40,50,0.16,before,0.0334565,0.0123278,0.00111783,4.40E-06,0.0203232,0.00129758,1.160802391
86,tool,40,50,0.16,before,0.030152,0.0123278,0.00107877,4.40E-06,0.0203232,0.00129758,1.202832612
87,tool,40,50,0.16,before,0.0294083,0.0123278,0.000859275,3.30E-06,0.0184648,0.001071122,1.246541989
88,tool,40,50,0.16,before,0.030152,0.0123278,0.000859275,3.30E-06,0.0184648,0.001071122,1.246541989
89,tool,40,50,0.16,before,0.030152,0.0123278,0.000859275,3.30E-06,0.0184648,0.001071122,1.246541989
90,tool,40,50,0.16,before,0.0649048,0.0123278,0.00237703,9.89E-06,0.0266309,0.002228033,0.937317871
91,tool,40,50,0.16,before,0.030152,0.0123278,0.00107877,4.40E-06,0.0203232,0.00129758,1.202832612
92,tool,40,50,0.16,before,0.0522036,0.013358,0.00163494,6.59E-06,0.0232642,0.001700302,1.039978351
93,tool,40,50,0.16,before,0.0380742,0.013358,0.00111783,4.40E-06,0.0203232,0.00129758,1.160802391
94,tool,40,50,0.16,before,0.0379819,0.013358,0.00159588,6.59E-06,0.0232642,0.001700302,1.065432367
95,tool,40,50,0.16,before,0.0379819,0.013358,0.00155682,6.59E-06,0.0232642,0.001700302,1.092163645
96,tool,40,50,0.16,before,0.0524772,0.013358,0.00187671,7.69E-06,0.0244909,0.00188434,1.004065846
97,tool,40,50,0.16,before,0.0445346,0.013358,0.00115689,4.40E-06,0.0203232,0.00129758,1.121610297
98,tool,40,50,0.16,before,0.0445346,0.013358,0.00115689,4.40E-06,0.0203232,0.00129758,1.121610297
99,tool,40,50,0.16,before,0.0303493,0.0142165,0.000859452,3.30E-06,0.0184648,0.001071122,1.24628527
100,tool,40,50,0.16,before,0.0303493,0.0142165,0.000859452,3.30E-06,0.0184648,0.001071122,1.24628527
101,tool,40,50,0.16,before,0.0227322,0.0142193,0.00060072,2.20E-06,0.0161305,0.000817421,1.360734639
102,tool,40,50,0.16,before,0.0227322,0.0142193,0.00060072,2.20E-06,0.0161305,0.000817421,1.360734639
103,tool,40,50,0.16,before,0.0227322,0.0142193,0.00060072,2.20E-06,0.0161305,0.000817421,1.360734639
104,tool,40,50,0.16,before,0.0227322,0.0142193,0.00060072,2.20E-06,0.0161305,0.000817421,1.360734639
105,tool,40,50,0.16,before,0.0227322,0.0142193,0.00060072,2.20E-06,0.0161305,0.000817421,1.360734639
106,tool,40,50,0.16,before,0.0227322,0.0142193,0.00060072,2.20E-06,0.0161305,0.000817421,1.360734639
107,tool,40,50,0.16,before,0.0227322,0.0142193,0.00060072,2.20E-06,0.0161305,0.000817421,1.360734639
108,tool,40,50,0.16,before,0.0227322,0.0142193,0.00060072,2.20E-06,0.0161305,0.000817421,1.360734639
109,tool,40,50,0.16,before,0.0227322,0.0142193,0.00060072,2.20E-06,0.0161305,0.000817421,1.360734639
110,tool,40,50,0.16,before,0.0227322,0.0142193,0.00060072,2.20E-06,0.0161305,0.000817421,1.360734639
111,tool,40,50,0.16,before,0.0227322,0.0142193,0.00060072,2.20E-06,0.0161305,0.000817421,1.360734639
112,tool,40,50,0.16,before,0.0227322,0.0142193,0.00060072,2.20E-06,0.0161305,0.000817421,1.360734639
113,tool,40,50,0.16,before,0.0227322,0.0142193,0.00060072,2.20E-06,0.0161305,0.000817421,1.360734639
114,tool,40,50,0.16,before,0.0227322,0.0142193,0.00060072,2.20E-06,0.0161305,0.000817421,1.360734639
115,tool,40,50,0.16,before,0.0227322,0.0142193,0.00060072,2.20E-06,0.0161305,0.000817421,1.360734639
116,tool,40,50,0.16,before,0.0227322,0.0142193,0.00060072,2.20E-06,0.0161305,0.000817421,1.360734639
117,tool,40,50,0.16,before,0.0328903,0.0143672,0.000881549,3.30E-06,0.0184648,0.001071122,1.215045752
118,tool,40,50,0.16,before,0.0520492,0.0143882,0.00185443,7.69E-06,0.0244909,0.00188434,1.016129169
119,tool,40,50,0.16,before,0.0458432,0.0143882,0.00193804,7.69E-06,0.0244909,0.00188434,0.972291807
120,tool,40,50,0.16,before,0.0430483,0.0145151,0.00116238,4.40E-06,0.0203232,0.00129758,1.116312855
121,tool,40,50,0.16,before,0.0292784,0.0149904,0.000859452,3.30E-06,0.0184648,0.001071122,1.24628527
122,tool,40,50,0.16,before,0.0292784,0.0149904,0.000859452,3.30E-06,0.0184648,0.001071122,1.24628527
123,tool,40,50,0.16,before,0.0292784,0.0149904,0.000859452,3.30E-06,0.0184648,0.001071122,1.24628527
124,tool,40,50,0.16,before,0.0297089,0.0154043,0.000859452,3.30E-06,0.0184648,0.001071122,1.24628527
125,tool,40,50,0.16,before,0.0663831,0.0154184,0.00366074,1.65E-05,0.0315744,0.003131988,0.855561437
126,tool,40,50,0.16,before,0.0608886,0.0154184,0.0025297,1.10E-05,0.0275828,0.002390158,0.944838438
127,tool,40,50,0.16,before,0.0374532,0.0157642,0.00115707,4.40E-06,0.0203232,0.00129758,1.121435813
128,tool,40,50,0.16,before,0.0215651,0.0159545,0.000600901,2.20E-06,0.0161305,0.000817421,1.360324766
129,tool,40,50,0.16,before,0.0215651,0.0159545,0.000600901,2.20E-06,0.0161305,0.000817421,1.360324766
130,tool,40,50,0.16,before,0.0215651,0.0159545,0.000600901,2.20E-06,0.0161305,0.000817421,1.360324766
131,tool,40,50,0.16,before,0.0215651,0.0159545,0.000600901,2.20E-06,0.0161305,0.000817421,1.360324766
132,tool,40,50,0.16,before,0.0215651,0.0159545,0.000600901,2.20E-06,0.0161305,0.000817421,1.360324766
133,tool,40,50,0.16,before,0.0215651,0.0159545,0.000600901,2.20E-06,0.0161305,0.000817421,1.360324766
134,tool,40,50,0.16,before,0.0215651,0.0159545,0.000600901,2.20E-06,0.0161305,0.000817421,1.360324766
135,tool,40,50,0.16,before,0.0215651,0.0159545,0.000600901,2.20E-06,0.0161305,0.000817421,1.360324766
136,tool,40,50,0.16,before,0.0215651,0.0159545,0.000600901,2.20E-06,0.0161305,0.000817421,1.360324766
137,tool,40,50,0.16,before,0.0299331,0.0160607,0.000859452,3.30E-06,0.0184648,0.001071122,1.24628527
138,tool,40,50,0.16,before,0.0380479,0.0160607,0.001118,4.40E-06,0.0203232,0.00129758,1.160625882
139,tool,40,50,0.16,before,0.0380479,0.0160607,0.001118,4.40E-06,0.0203232,0.00129758,1.160625882
140,tool,40,50,0.16,before,0.045495,0.0166327,0.00191612,7.69E-06,0.0244909,0.00188434,0.983414616
141,tool,40,50,0.16,before,0.0371394,0.0166327,0.00111818,4.40E-06,0.0203232,0.00129758,1.16043905
142,tool,40,50,0.16,before,0.0382029,0.0167618,0.00133767,5.49E-06,0.0218925,0.001505707,1.125619485
143,tool,40,50,0.16,before,0.0374439,0.0167809,0.000898514,3.30E-06,0.0184648,0.001071122,1.192104261
144,tool,40,50,0.16,before,0.0318325,0.016788,0.000881911,3.30E-06,0.0184648,0.001071122,1.21454701
145,tool,40,50,0.16,before,0.0400617,0.0170583,0.00138579,5.49E-06,0.0218925,0.001505707,1.086533613
146,tool,40,50,0.16,before,0.0437404,0.0174065,0.00223314,9.89E-06,0.0266309,0.002228033,0.997712951
147,tool,40,50,0.16,before,0.0318325,0.0174125,0.00111818,4.40E-06,0.0203232,0.00129758,1.16043905
148,tool,40,50,0.16,before,0.0351024,0.0175343,0.000881027,3.30E-06,0.0184648,0.001071122,1.215765655
149,tool,40,50,0.16,before,0.0380479,0.0176199,0.00133767,5.49E-06,0.0218925,0.001505707,1.125619485
150,tool,40,50,0.16,before,0.0524306,0.0182751,0.00272814,1.21E-05,0.0284732,0.002546962,0.933589109
151,tool,40,50,0.16,before,0.0609643,0.0183697,0.00211387,8.79E-06,0.0256056,0.002059775,0.974409504
152,tool,40,50,0.16,before,0.030152,0.0184534,0.000617508,2.20E-06,0.0161305,0.000817421,1.323740765
153,tool,40,50,0.16,before,0.0417589,0.0189986,0.00135907,5.49E-06,0.0218925,0.001505707,1.107895411
154,tool,40,50,0.16,before,0.0510629,0.0190489,0.0031452,1.43E-05,0.0301037,0.002847014,0.905193362
155,tool,40,50,0.16,before,0.0510629,0.0190489,0.0022722,9.89E-06,0.0266309,0.002228033,0.980561878
156,tool,40,50,0.16,before,0.0472371,0.0191791,0.00181589,7.69E-06,0.0244909,0.00188434,1.037695243
157,tool,40,50,0.16,before,0.0524129,0.0194208,0.00233336,9.89E-06,0.0266309,0.002228033,0.954860244
158,tool,40,50,0.16,before,0.0615735,0.0195305,0.00192413,7.69E-06,0.0244909,0.00188434,0.979320739
159,tool,40,50,0.16,before,0.0356328,0.0195661,0.00112227,4.40E-06,0.0203232,0.00129758,1.156209946
160,tool,40,50,0.16,before,0.0419578,0.0201055,0.00138579,5.49E-06,0.0218925,0.001505707,1.086533613
161,tool,40,50,0.16,before,0.0589061,0.020133,0.00174475,6.59E-06,0.0232642,0.001700302,0.974524835
162,tool,40,50,0.16,before,0.0418623,0.0202329,0.00142059,5.49E-06,0.0218925,0.001505707,1.059916947
163,tool,40,50,0.16,before,0.0473943,0.0202588,0.00189004,7.69E-06,0.0244909,0.00188434,0.99698441
164,tool,40,50,0.16,before,0.0660228,0.0203161,0.00246065,9.89E-06,0.0266309,0.002228033,0.9054651
165,tool,40,50,0.16,before,0.0469667,0.0206196,0.00181626,7.69E-06,0.0244909,0.00188434,1.037483848
166,tool,40,50,0.16,before,0.0676005,0.0207383,0.00313644,1.32E-05,0.0293111,0.00269907,0.860552009
167,tool,40,50,0.16,before,0.0469667,0.0207783,0.00203593,8.79E-06,0.0256056,0.002059775,1.011712101
168,tool,40,50,0.16,before,0.0475907,0.0214113,0.00189078,7.69E-06,0.0244909,0.00188434,0.996594217
169,tool,40,50,0.16,before,0.0533665,0.0214443,0.0025573,1.10E-05,0.0275828,0.002390158,0.934641143
170,tool,40,50,0.16,before,0.113605,0.0215651,0.00558165,2.53E-05,0.0364094,0.004164635,0.746129681
171,tool,40,50,0.16,before,0.0478494,0.0215651,0.00263541,1.21E-05,0.0284732,0.002546962,0.96643854
172,tool,40,50,0.16,before,0.0534492,0.0216658,0.00144217,5.49E-06,0.0218925,0.001505707,1.044056814
173,tool,40,50,0.16,before,0.0425032,0.0218498,0.00116186,4.40E-06,0.0203232,0.00129758,1.11681247
174,tool,40,50,0.16,before,0.0879065,0.0218637,0.00305605,1.21E-05,0.0284732,0.002546962,0.83341627
175,tool,40,50,0.16,before,0.0738619,0.0221668,0.00401827,1.76E-05,0.032261,0.003269682,0.81370392
176,tool,40,50,0.16,before,0.053517,0.0223562,0.0021887,8.79E-06,0.0256056,0.002059775,0.941095179
177,tool,40,50,0.16,before,0.0445346,0.0225953,0.00203417,8.79E-06,0.0256056,0.002059775,1.012587452
178,tool,40,50,0.16,before,0.0749559,0.0225953,0.00282456,1.10E-05,0.0275828,0.002390158,0.846205354
179,tool,40,50,0.16,before,0.0500973,0.0225953,0.00228039,9.89E-06,0.0266309,0.002228033,0.977040199
180,tool,40,50,0.16,before,0.0942022,0.0227304,0.00452194,1.98E-05,0.0335528,0.003536775,0.782136608
181,tool,40,50,0.16,before,0.0500973,0.0232565,0.00192021,7.69E-06,0.0244909,0.00188434,0.981319967
182,tool,40,50,0.16,before,0.0972081,0.0232967,0.00566759,2.64E-05,0.0369297,0.004284513,0.755967294
183,tool,40,50,0.16,before,0.0357086,0.0233455,0.001478,6.59E-06,0.0232642,0.001700302,1.150407446
184,tool,40,50,0.16,before,0.0357086,0.0233455,0.001478,6.59E-06,0.0232642,0.001700302,1.150407446
185,tool,40,50,0.16,before,0.0553141,0.0234263,0.00203931,8.79E-06,0.0256056,0.002059775,1.010035266
186,tool,40,50,0.16,before,0.0526854,0.0235061,0.00268856,1.21E-05,0.0284732,0.002546962,0.947333068
187,tool,40,50,0.16,before,0.0382029,0.0235116,0.00173603,7.69E-06,0.0244909,0.00188434,1.08543079
188,tool,40,50,0.16,before,0.0421,0.0235962,0.0016622,6.59E-06,0.0232642,0.001700302,1.022922757
189,tool,40,50,0.16,before,0.0468525,0.02363,0.00193752,7.69E-06,0.0244909,0.00188434,0.972552755
190,tool,40,50,0.16,before,0.0538639,0.0239146,0.00189882,7.69E-06,0.0244909,0.00188434,0.99237443
191,tool,40,50,0.16,before,0.0431302,0.0239825,0.00195536,7.69E-06,0.0244909,0.00188434,0.963679534
192,tool,40,50,0.16,before,0.0475451,0.0241411,0.00188559,7.69E-06,0.0244909,0.00188434,0.999337297
193,tool,40,50,0.16,before,0.0609686,0.0241441,0.00313165,1.32E-05,0.0293111,0.00269907,0.861868263
194,tool,40,50,0.16,before,0.095972,0.0242541,0.00436367,1.87E-05,0.0329196,0.003404544,0.780202023
195,tool,40,50,0.16,before,0.112942,0.0242799,0.00488571,2.09E-05,0.034163,0.003666586,0.750471475
196,tool,40,50,0.16,before,0.0710351,0.0244624,0.0031368,1.43E-05,0.0301037,0.002847014,0.907617368
197,tool,40,50,0.16,before,0.0303493,0.0245343,0.00109573,4.40E-06,0.0203232,0.00129758,1.184214849
198,tool,40,50,0.16,before,0.0530572,0.0246556,0.0026529,1.32E-05,0.0293111,0.00269907,1.0174035
199,tool,40,50,0.16,before,0.0526536,0.0247206,0.00192536,7.69E-06,0.0244909,0.00188434,0.978695109
200,tool,40,50,0.16,before,0.0679729,0.0247948,0.00361057,1.65E-05,0.0315744,0.003131988,0.867449731
201,tool,40,50,0.16,before,0.0739325,0.0247948,0.00372401,1.65E-05,0.0315744,0.003131988,0.841025661
202,tool,40,50,0.16,before,0.048338,0.0249226,0.00179807,7.69E-06,0.0244909,0.00188434,1.047979453
203,tool,40,50,0.16,before,0.066181,0.025111,0.0026001,1.10E-05,0.0275828,0.002390158,0.919256104
204,tool,40,50,0.16,before,0.0382029,0.0252274,0.00171428,7.69E-06,0.0244909,0.00188434,1.099202239
205,tool,40,50,0.16,before,0.0521343,0.0253593,0.00144234,5.49E-06,0.0218925,0.001505707,1.043933758
206,tool,40,50,0.16,before,0.0533976,0.0255482,0.00195963,7.69E-06,0.0244909,0.00188434,0.961579693
207,tool,40,50,0.16,before,0.0895606,0.0256858,0.00424877,1.87E-05,0.0329196,0.003404544,0.80130112
208,tool,40,50,0.16,before,0.106165,0.0261735,0.00530968,2.31E-05,0.0353219,0.003919566,0.738192516
209,tool,40,50,0.16,before,0.0884496,0.0263554,0.0049365,2.09E-05,0.034163,0.003666586,0.742750124
210,tool,40,50,0.16,before,0.0553211,0.0274318,0.00233745,9.89E-06,0.0266309,0.002228033,0.953189458
211,tool,40,50,0.16,before,0.0760434,0.0275625,0.00390837,1.76E-05,0.032261,0.003269682,0.836584573
212,tool,40,50,0.16,before,0.0896928,0.0276468,0.00345077,1.43E-05,0.0301037,0.002847014,0.825037357
213,tool,40,50,0.16,before,0.18391,0.0277462,0.0107187,4.61E-05,0.0445029,0.00622195,0.580476151
214,tool,40,50,0.16,before,0.0775809,0.0279503,0.00370664,1.54E-05,0.0308566,0.002991204,0.806985267
215,tool,40,50,0.16,before,0.0757967,0.0286538,0.00384504,1.65E-05,0.0315744,0.003131988,0.814552768
216,tool,40,50,0.16,before,0.0884126,0.0287524,0.00438081,1.76E-05,0.032261,0.003269682,0.746364725
217,tool,40,50,0.16,before,0.0538639,0.0290035,0.00200278,7.69E-06,0.0244909,0.00188434,0.940862408
218,tool,40,50,0.16,before,0.091048,0.0293625,0.00349001,1.43E-05,0.0301037,0.002847014,0.815761033
219,tool,40,50,0.16,before,0.114476,0.0296188,0.00401374,1.65E-05,0.0315744,0.003131988,0.780316606
220,tool,40,50,0.16,before,0.0783989,0.0297722,0.00476179,2.42E-05,0.0358739,0.004043031,0.849056948
221,tool,40,50,0.16,before,0.0718892,0.0298607,0.00315768,1.32E-05,0.0293111,0.00269907,0.854763543
222,tool,40,50,0.16,before,0.0660122,0.0303765,0.0024161,9.89E-06,0.0266309,0.002228033,0.922160796
223,tool,40,50,0.16,before,0.0870185,0.0305831,0.00445046,1.98E-05,0.0335528,0.003536775,0.794698708
224,tool,40,50,0.16,before,0.0751753,0.030644,0.00427203,1.87E-05,0.0329196,0.003404544,0.796938261
225,tool,40,50,0.16,before,0.0596696,0.031383,0.00422632,2.09E-05,0.034163,0.003666586,0.867559955
226,tool,40,50,0.16,before,0.0692161,0.0315154,0.00454006,2.09E-05,0.034163,0.003666586,0.807607386
227,tool,40,50,0.16,before,0.12733,0.0315263,0.0118225,5.93E-05,0.0483915,0.007356785,0.622269792
228,tool,40,50,0.16,before,0.152331,0.0317284,0.00637938,2.64E-05,0.0369297,0.004284513,0.671618978
229,tool,40,50,0.16,before,0.0553212,0.03183,0.00293373,1.43E-05,0.0301037,0.002847014,0.970441779
230,tool,40,50,0.16,before,0.104953,0.0320169,0.00545646,2.42E-05,0.0358739,0.004043031,0.740962251
231,tool,40,50,0.16,before,0.140332,0.0323969,0.00996555,4.72E-05,0.0448533,0.006320314,0.634216304
232,tool,40,50,0.16,before,0.0669704,0.0327183,0.00379283,1.76E-05,0.032261,0.003269682,0.862069233
233,tool,40,50,0.16,before,0.0657805,0.0330472,0.00406634,1.98E-05,0.0335528,0.003536775,0.869768591
234,tool,40,50,0.16,before,0.114077,0.0330655,0.00835358,4.29E-05,0.043417,0.005922015,0.708919398
235,tool,40,50,0.16,before,0.117063,0.0334785,0.0102336,5.16E-05,0.0462031,0.006706441,0.655335457
236,tool,40,50,0.16,before,0.14357,0.0339253,0.0102995,5.16E-05,0.0462031,0.006706441,0.651142379
237,tool,40,50,0.16,before,0.0967395,0.0343513,0.00671526,3.63E-05,0.0410654,0.005297878,0.788931243
238,tool,40,50,0.16,before,0.099012,0.0344992,0.00443757,1.87E-05,0.0329196,0.003404544,0.767209117
239,tool,40,50,0.16,before,0.145805,0.034836,0.0123421,6.15E-05,0.0489817,0.007537331,0.610700844
240,tool,40,50,0.16,before,0.0841711,0.0352246,0.00435484,1.87E-05,0.0329196,0.003404544,0.781783983
241,tool,40,50,0.16,before,0.127511,0.0352812,0.00837854,3.74E-05,0.0414761,0.005404378,0.645026194
242,tool,40,50,0.16,before,0.0696122,0.035699,0.00358649,1.43E-05,0.0301037,0.002847014,0.793816283
243,tool,40,50,0.16,before,0.062987,0.0360666,0.0044378,2.20E-05,0.0347521,0.003794128,0.854956962
244,tool,40,50,0.16,before,0.0797223,0.0361308,0.00460789,2.31E-05,0.0353219,0.003919566,0.850620574
245,tool,40,50,0.16,before,0.130108,0.0361588,0.0110001,5.05E-05,0.045873,0.006610954,0.600990387
246,tool,40,50,0.16,before,0.111651,0.0362338,0.00768872,3.96E-05,0.0422739,0.005614286,0.730197697
247,tool,40,50,0.16,before,0.119825,0.037081,0.00507887,2.09E-05,0.034163,0.003666586,0.721929482
248,tool,40,50,0.16,before,0.0712656,0.0372015,0.00548625,2.75E-05,0.0374356,0.004402704,0.802497846
249,tool,40,50,0.16,before,0.113419,0.0374827,0.00605824,2.64E-05,0.0369297,0.004284513,0.70722069
250,tool,40,50,0.16,before,0.131029,0.0375084,0.00895519,4.94E-05,0.0455382,0.006514808,0.727489599
251,tool,40,50,0.16,before,0.0904971,0.0377915,0.00798217,4.40E-05,0.0437849,0.006022802,0.754531932
252,tool,40,50,0.16,before,0.0910608,0.0380027,0.00701861,3.74E-05,0.0414761,0.005404378,0.770006848
253,tool,40,50,0.16,before,0.0951242,0.0381719,0.00563971,2.42E-05,0.0358739,0.004043031,0.716886309
254,tool,40,50,0.16,before,0.0990804,0.0382395,0.00661124,2.97E-05,0.0384084,0.004634494,0.701002201
255,tool,40,50,0.16,before,0.101851,0.0385248,0.00658331,3.08E-05,0.0388768,0.004748221,0.721251264
256,tool,40,50,0.16,before,0.156094,0.0391829,0.00914066,4.51E-05,0.0441468,0.006122775,0.669839533
257,tool,40,50,0.16,before,0.0860858,0.0396988,0.0053332,2.42E-05,0.0358739,0.004043031,0.758087243
258,tool,40,50,0.16,before,0.0866323,0.0398621,0.0082716,4.29E-05,0.043417,0.005922015,0.715945512
259,tool,40,50,0.16,before,0.15244,0.0403281,0.0141155,7.36E-05,0.0519992,0.008494605,0.601792721
260,tool,40,50,0.16,before,0.182971,0.0405499,0.0117283,5.05E-05,0.045873,0.006610954,0.563675414
261,tool,40,50,0.16,before,0.154015,0.040823,0.00919658,3.96E-05,0.0422739,0.005614286,0.610475376
262,tool,40,50,0.16,before,0.116032,0.0415675,0.0122949,5.60E-05,0.0474783,0.007081744,0.57599033
263,tool,40,50,0.16,before,0.0837247,0.0417216,0.00897482,5.16E-05,0.0462031,0.006706441,0.747250745
264,tool,40,50,0.16,before,0.109892,0.042005,0.00832985,4.07E-05,0.0426618,0.00571779,0.68642176
265,tool,40,50,0.16,before,0.161443,0.0429812,0.0106554,4.83E-05,0.0451983,0.006417917,0.602315883
266,tool,40,50,0.16,before,0.170543,0.0431302,0.0111728,4.94E-05,0.0455382,0.006514808,0.583095337
267,tool,40,50,0.16,before,0.185551,0.0431302,0.0160407,7.14E-05,0.0514765,0.008324687,0.518972777
268,tool,40,50,0.16,before,0.16864,0.0431992,0.0118595,5.27E-05,0.0465284,0.006801209,0.573481919
269,tool,40,50,0.16,before,0.141158,0.0434013,0.00928197,4.51E-05,0.0441468,0.006122775,0.659641803
270,tool,40,50,0.16,before,0.103043,0.0457839,0.00581571,2.53E-05,0.0364094,0.004164635,0.716100826
271,tool,40,50,0.16,before,0.11308,0.0458235,0.00722725,3.30E-05,0.0397813,0.004971733,0.687914933
272,tool,40,50,0.16,before,0.135171,0.0461716,0.012615,5.71E-05,0.0477866,0.007174013,0.56868907
273,tool,40,50,0.16,before,0.256359,0.0467963,0.0172188,7.47E-05,0.0522566,0.008578911,0.49822933
274,tool,40,50,0.16,before,0.106639,0.0470862,0.00888025,3.85E-05,0.0418788,0.005509832,0.620459071
275,tool,40,50,0.16,before,0.138703,0.0472515,0.013208,6.92E-05,0.0509431,0.008153059,0.617281912
276,tool,40,50,0.16,before,0.10151,0.0473475,0.00869628,4.83E-05,0.0451983,0.006417917,0.738007132
277,tool,40,50,0.16,before,0.400781,0.0483498,0.141763,7.88E-04,0.114589,0.041251119,0.290986497
278,tool,40,50,0.16,before,0.0786438,0.0484436,0.00647614,2.97E-05,0.0384084,0.004634494,0.715625942
279,tool,40,50,0.16,before,0.124608,0.0486492,0.0130874,6.92E-05,0.0509431,0.008153059,0.622970146
280,tool,40,50,0.16,before,0.0814118,0.0503118,0.0060738,2.86E-05,0.0379282,0.004519333,0.744070095
281,tool,40,50,0.16,before,0.132024,0.0510163,0.010263,5.16E-05,0.0462031,0.006706441,0.653458144
282,tool,40,50,0.16,before,0.198762,0.0512905,0.0202812,9.12E-05,0.0558467,0.009798169,0.483115817
283,tool,40,50,0.16,before,0.146835,0.0516116,0.00998494,4.51E-05,0.0441468,0.006122775,0.613201024
284,tool,40,50,0.16,before,0.156798,0.051987,0.0181216,8.13E-05,0.0537504,0.009076393,0.500860444
285,tool,40,50,0.16,before,0.204026,0.0524497,0.018211,8.13E-05,0.0537504,0.009076393,0.498401659
286,tool,40,50,0.16,before,0.187867,0.0529818,0.0139737,7.91E-05,0.0532618,0.008912131,0.637778884
287,tool,40,50,0.16,before,0.167979,0.0553416,0.0119069,5.38E-05,0.0468493,0.006895346,0.579105086
288,tool,40,50,0.16,before,0.132639,0.0568217,0.0156725,8.24E-05,0.0539915,0.009158,0.584335647
289,tool,40,50,0.16,before,0.190366,0.0568982,0.0100672,4.29E-05,0.043417,0.005922015,0.58824846
290,tool,40,50,0.16,before,0.210418,0.0574539,0.0179312,9.67E-05,0.0569463,0.010187811,0.56816116
291,tool,40,50,0.16,before,0.13195,0.0575656,0.0149689,7.91E-05,0.0532618,0.008912131,0.595376467
292,tool,40,50,0.16,before,0.177225,0.0600832,0.0356819,0.000216461,0.074495,0.017434284,0.488603023
293,tool,40,50,0.16,before,0.245799,0.0601878,0.0156902,6.92E-05,0.0509431,0.008153059,0.519627506
294,tool,40,50,0.16,before,0.291664,0.062239,0.0243577,0.000131854,0.0631488,0.012527952,0.514332301
295,tool,40,50,0.16,before,0.254725,0.062338,0.04206,0.000276894,0.0808671,0.020544407,0.488454756
296,tool,40,50,0.16,before,0.196025,0.0635218,0.0285105,0.000130755,0.0629729,0.012458256,0.43697081
297,tool,40,50,0.16,before,0.238514,0.0645236,0.0252048,0.000130755,0.0629729,0.012458256,0.4942811
298,tool,40,50,0.16,before,0.286464,0.0649199,0.0311067,0.000174707,0.0693592,0.015113255,0.485852098
299,tool,40,50,0.16,before,0.194714,0.0652585,0.0195734,0.000103286,0.0582122,0.01064579,0.543890692
300,tool,40,50,0.16,before,0.162148,0.0656128,0.0215211,0.000128558,0.0626181,0.012318268,0.57238096
301,tool,40,50,0.16,before,0.211141,0.0680672,0.0205349,0.000112076,0.0598189,0.011241563,0.547436973
302,tool,40,50,0.16,before,0.144049,0.0691404,0.0118098,5.16E-05,0.0462031,0.006706441,0.56787083
303,tool,40,50,0.16,before,0.263035,0.0775269,0.0420069,0.000215362,0.0743687,0.017375218,0.413627704
304,tool,40,50,0.16,before,0.189863,0.0801683,0.019282,0.000113175,0.0600137,0.011314899,0.586811478
305,tool,40,50,0.16,before,0.221643,0.0804089,0.0314227,0.000171411,0.0689202,0.014922546,0.474897006
306,tool,40,50,0.16,before,0.263866,0.0841507,0.0522048,0.000337327,0.0863676,0.023434278,0.448891249
307,tool,40,50,0.16,before,0.272443,0.0859578,0.0340365,0.00015383,0.0664784,0.013883884,0.407911636
308,tool,40,50,0.16,before,0.310604,0.091879,0.0288168,0.000127459,0.0624392,0.012247982,0.425029213
309,tool,40,50,0.16,before,0.405218,0.091961,0.040213,0.000214263,0.074242,0.017316065,0.430608625
310,tool,40,50,0.16,before,0.178533,0.0939678,0.0359292,0.00021756,0.0746208,0.017493217,0.486880215
311,tool,40,50,0.16,before,0.278021,0.102266,0.0364188,0.00016262,0.0677213,0.014407892,0.39561688
312,tool,40,50,0.16,before,0.538541,0.103625,0.0810691,0.000482367,0.097303,0.029744203,0.366899383
313,tool,40,50,0.16,before,0.301571,0.104287,0.0483575,0.000290079,0.0821308,0.021191514,0.438225998
314,tool,40,50,0.16,before,0.572799,0.105799,0.0634635,0.000282388,0.0813984,0.020815249,0.327987724
315,tool,40,50,0.16,before,0.509458,0.108602,0.0592368,0.000265906,0.0797829,0.019997215,0.337580941
316,tool,40,50,0.16,before,0.541645,0.118421,0.069928,0.000396662,0.0911606,0.026107436,0.373347386
317,tool,40,50,0.16,before,0.328558,0.125871,0.0580835,0.000358204,0.0881138,0.024391457,0.419937788
318,tool,40,50,0.16,before,0.284161,0.128556,0.0647873,0.000386772,0.0903967,0.025671723,0.396246231
319,tool,40,50,0.16,before,0.55164,0.130593,0.0885862,0.00041644,0.0926512,0.026968201,0.304428913
320,tool,40,50,0.16,before,0.491039,0.137382,0.0755399,0.000345019,0.0870191,0.023789157,0.31492174
321,tool,40,50,0.16,before,0.927853,0.146028,0.175034,0.000816398,0.115958,0.042242665,0.241339766
322,tool,40,50,0.16,before,0.738231,0.159318,0.119052,0.00073289,0.111861,0.039310382,0.33019506
323,tool,40,50,0.16,before,0.593111,0.167712,0.185717,0.00125042,0.133665,0.056128738,0.302227249
324,tool,40,50,0.16,before,0.426519,0.177039,0.195041,0.0012702,0.134366,0.056719011,0.29080558
325,tool,40,50,0.16,before,0.554428,0.196499,0.206919,0.000997697,0.123975,0.048285653,0.233355336
326,tool,40,50,0.16,before,0.535206,0.205987,0.179956,0.00118229,0.131192,0.054071022,0.300468014
327,tool,40,50,0.16,before,0.669462,0.218593,0.187055,0.000871337,0.118503,0.044117263,0.235851825
328,tool,40,50,0.16,before,1.25264,0.22157,0.349333,0.00224262,0.1624,0.082855611,0.237182318
329,tool,40,50,0.16,before,0.71601,0.237366,0.279646,0.00184156,0.152077,0.072656914,0.259817461
330,tool,40,50,0.16,before,1.03815,0.258228,0.224532,0.00140974,0.139117,0.060800938,0.270789634
331,tool,40,50,0.16,before,1.1561,0.264506,0.227831,0.00141963,0.139442,0.061085352,0.268116945
332,tool,40,50,0.16,before,1.05386,0.294653,1.56728,0.0114197,0.279395,0.245237642,0.156473408
333,tool,40,50,0.16,before,1.3941,0.295695,0.436776,0.00278652,0.174591,0.095762082,0.219247581
334,tool,40,50,0.16,before,1.72829,0.396268,0.545279,0.00326339,0.184031,0.106397603,0.19512507
335,tool,40,50,0.16,before,1.87083,0.419852,1.39788,0.00924518,0.260399,0.213023981,0.15239075
336,tool,40,50,0.16,before,1.98919,0.4572,0.696034,0.00442701,0.203722,0.130384431,0.187324801
337,tool,40,50,0.16,before,2.05918,0.484121,1.34074,0.00916167,0.259612,0.211738289,0.157926435
338,tool,40,50,0.16,before,2.9163,0.551985,1.58217,0.0107,0.273398,0.23482295,0.14841828
339,tool,40,50,0.16,before,2.60581,0.737566,1.41366,0.0089562,0.257657,0.208561319,0.147532871
340,tool,40,50,0.16,before,4.03811,0.872902,2.14501,0.0136238,0.296324,0.275856694,0.12860392
341,tool,40,50,0.16,after,0.0111673,0.0111673,0.000312556,1.06E-06,0.0126551,0.000503131,1.609730582
342,tool,40,50,0.16,after,0.0111673,0.0111673,0.000312556,1.06E-06,0.0126551,0.000503131,1.609730582
343,tool,40,50,0.16,after,0.0111673,0.0111673,0.000312556,1.06E-06,0.0126551,0.000503131,1.609730582
344,tool,40,50,0.16,after,0.0111673,0.0111673,0.000312556,1.06E-06,0.0126551,0.000503131,1.609730582
345,tool,40,50,0.16,after,0.0111673,0.0111673,0.000312556,1.06E-06,0.0126551,0.000503131,1.609730582
346,tool,40,50,0.16,after,0.0111673,0.0111673,0.000312556,1.06E-06,0.0126551,0.000503131,1.609730582
347,tool,40,50,0.16,after,0.0111673,0.0111673,0.000312556,1.06E-06,0.0126551,0.000503131,1.609730582
348,tool,40,50,0.16,after,0.0111673,0.0111673,0.000312556,1.06E-06,0.0126551,0.000503131,1.609730582
349,tool,40,50,0.16,after,0.0111673,0.0111673,0.000312556,1.06E-06,0.0126551,0.000503131,1.609730582
350,tool,40,50,0.16,after,0.0111673,0.0111673,0.000312556,1.06E-06,0.0126551,0.000503131,1.609730582
351,tool,40,50,0.16,after,0.0111673,0.0111673,0.000312556,1.06E-06,0.0126551,0.000503131,1.609730582
352,tool,40,50,0.16,after,0.0111673,0.0111673,0.000312556,1.06E-06,0.0126551,0.000503131,1.609730582
353,tool,40,50,0.16,after,0.0111673,0.0111673,0.000312556,1.06E-06,0.0126551,0.000503131,1.609730582
354,tool,40,50,0.16,after,0.0111673,0.0111673,0.000312556,1.06E-06,0.0126551,0.000503131,1.609730582
355,tool,40,50,0.16,after,0.0111673,0.0111673,0.000312556,1.06E-06,0.0126551,0.000503131,1.609730582
356,tool,40,50,0.16,after,0.0111673,0.0111673,0.000312556,1.06E-06,0.0126551,0.000503131,1.609730582
357,tool,40,50,0.16,after,0.0111673,0.0111673,0.000312556,1.06E-06,0.0126551,0.000503131,1.609730582
358,tool,40,50,0.16,after,0.0111673,0.0111673,0.000312556,1.06E-06,0.0126551,0.000503131,1.609730582
359,tool,40,50,0.16,after,0.0111673,0.0111673,0.000312556,1.06E-06,0.0126551,0.000503131,1.609730582
360,tool,40,50,0.16,after,0.0111673,0.0111673,0.000312556,1.06E-06,0.0126551,0.000503131,1.609730582
361,tool,40,50,0.16,after,0.0111673,0.0111673,0.000312556,1.06E-06,0.0126551,0.000503131,1.609730582
362,tool,40,50,0.16,after,0.0111673,0.0111673,0.000312556,1.06E-06,0.0126551,0.000503131,1.609730582
363,tool,40,50,0.16,after,0.0111673,0.0111673,0.000312556,1.06E-06,0.0126551,0.000503131,1.609730582
364,tool,40,50,0.16,after,0.0111673,0.0111673,0.000312556,1.06E-06,0.0126551,0.000503131,1.609730582
365,tool,40,50,0.16,after,0.0111673,0.0111673,0.000312556,1.06E-06,0.0126551,0.000503131,1.609730582
366,tool,40,50,0.16,after,0.0111673,0.0111673,0.000312556,1.06E-06,0.0126551,0.000503131,1.609730582
367,tool,40,50,0.16,after,0.0111673,0.0111673,0.000312556,1.06E-06,0.0126551,0.000503131,1.609730582
368,tool,40,50,0.16,after,0.0111673,0.0111673,0.000312556,1.06E-06,0.0126551,0.000503131,1.609730582
369,tool,40,50,0.16,after,0.0111673,0.0111673,0.000312556,1.06E-06,0.0126551,0.000503131,1.609730582
370,tool,40,50,0.16,after,0.0111673,0.0111673,0.000312556,1.06E-06,0.0126551,0.000503131,1.609730582
371,tool,40,50,0.16,after,0.0111673,0.0111673,0.000312556,1.06E-06,0.0126551,0.000503131,1.609730582
372,tool,40,50,0.16,after,0.0111673,0.0111673,0.000312556,1.06E-06,0.0126551,0.000503131,1.609730582
373,tool,40,50,0.16,after,0.0111673,0.0111673,0.000312556,1.06E-06,0.0126551,0.000503131,1.609730582
374,tool,40,50,0.16,after,0.0111673,0.0111673,0.000312556,1.06E-06,0.0126551,0.000503131,1.609730582
375,tool,40,50,0.16,after,0.0111673,0.0111673,0.000312556,1.06E-06,0.0126551,0.000503131,1.609730582
376,tool,40,50,0.16,after,0.0111673,0.0111673,0.000312556,1.06E-06,0.0126551,0.000503131,1.609730582
377,tool,40,50,0.16,after,0.0111673,0.0111673,0.000312556,1.06E-06,0.0126551,0.000503131,1.609730582
378,tool,40,50,0.16,after,0.0111673,0.0111673,0.000312556,1.06E-06,0.0126551,0.000503131,1.609730582
379,tool,40,50,0.16,after,0.0111673,0.0111673,0.000312556,1.06E-06,0.0126551,0.000503131,1.609730582
380,tool,40,50,0.16,after,0.0111673,0.0111673,0.000312556,1.06E-06,0.0126551,0.000503131,1.609730582
381,tool,40,50,0.16,after,0.0111673,0.0111673,0.000312556,1.06E-06,0.0126551,0.000503131,1.609730582
382,tool,40,50,0.16,after,0.0213164,0.0157705,0.000587121,2.12E-06,0.0159445,0.000798678,1.360329349
383,tool,40,50,0.16,after,0.0213164,0.0157705,0.000587121,2.12E-06,0.0159445,0.000798678,1.360329349
384,tool,40,50,0.16,after,0.0213164,0.0157705,0.000587121,2.12E-06,0.0159445,0.000798678,1.360329349
385,tool,40,50,0.16,after,0.0213164,0.0157705,0.000587121,2.12E-06,0.0159445,0.000798678,1.360329349
386,tool,40,50,0.16,after,0.0213164,0.0157705,0.000587121,2.12E-06,0.0159445,0.000798678,1.360329349
387,tool,40,50,0.16,after,0.0213164,0.0157705,0.000587121,2.12E-06,0.0159445,0.000798678,1.360329349
388,tool,40,50,0.16,after,0.0224701,0.0140554,0.000586945,2.12E-06,0.0159445,0.000798678,1.360737254
389,tool,40,50,0.16,after,0.0224701,0.0140554,0.000586945,2.12E-06,0.0159445,0.000798678,1.360737254
390,tool,40,50,0.16,after,0.0231561,0.0111673,0.000586945,2.12E-06,0.0159445,0.000798678,1.360737254
391,tool,40,50,0.16,after,0.0231561,0.0111673,0.000586945,2.12E-06,0.0159445,0.000798678,1.360737254
392,tool,40,50,0.16,after,0.0231561,0.0111673,0.000586945,2.12E-06,0.0159445,0.000798678,1.360737254
393,tool,40,50,0.16,after,0.0289408,0.0148175,0.000839744,3.18E-06,0.0182519,0.001046565,1.246290041
394,tool,40,50,0.16,after,0.0293663,0.0152266,0.000839744,3.18E-06,0.0182519,0.001046565,1.246290041
395,tool,40,50,0.16,after,0.0295879,0.0158755,0.000839744,3.18E-06,0.0182519,0.001046565,1.246290041
396,tool,40,50,0.16,after,0.0295879,0.0245773,0.0010706,4.24E-06,0.0200888,0.001267821,1.18421518
397,tool,40,50,0.16,after,0.0298043,0.0121856,0.00105403,4.24E-06,0.0200888,0.001267821,1.202831771
398,tool,40,50,0.16,after,0.0298043,0.0121856,0.000839571,3.18E-06,0.0182519,0.001046565,1.246546848
399,tool,40,50,0.16,after,0.0299993,0.0140526,0.000839744,3.18E-06,0.0182519,0.001046565,1.246290041
400,tool,40,50,0.16,after,0.0299993,0.0140526,0.000839744,3.18E-06,0.0182519,0.001046565,1.246290041
401,tool,40,50,0.16,after,0.0299993,0.0140526,0.000839744,3.18E-06,0.0182519,0.001046565,1.246290041
402,tool,40,50,0.16,after,0.0299993,0.0139847,0.000603344,2.12E-06,0.0159445,0.000798678,1.323752167
403,tool,40,50,0.16,after,0.032511,0.018887,0.0011183,4.24E-06,0.0200888,0.001267821,1.133703632
404,tool,40,50,0.16,after,0.0348714,0.0241945,0.00128941,5.31E-06,0.02164,0.001471175,1.140967704
405,tool,40,50,0.16,after,0.0348714,0.0241945,0.00128941,5.31E-06,0.02164,0.001471175,1.140967704
406,tool,40,50,0.16,after,0.0352219,0.0237163,0.00126833,5.31E-06,0.02164,0.001471175,1.159930907
407,tool,40,50,0.16,after,0.0352219,0.0168616,0.000860824,3.18E-06,0.0182519,0.001046565,1.215770685
408,tool,40,50,0.16,after,0.0352219,0.0245773,0.00107546,4.24E-06,0.0200888,0.001267821,1.178863715
409,tool,40,50,0.16,after,0.037479,0.0121857,0.0010922,4.24E-06,0.0200888,0.001267821,1.160795433
410,tool,40,50,0.16,after,0.0376552,0.0121856,0.00130666,5.31E-06,0.02164,0.001471175,1.125905107
411,tool,40,50,0.16,after,0.0394423,0.0234266,0.00154255,6.37E-06,0.0229959,0.00166131,1.076989441
412,tool,40,50,0.16,after,0.0395997,0.022726,0.00150404,6.37E-06,0.0229959,0.00166131,1.10456508
413,tool,40,50,0.16,after,0.0403186,0.0257772,0.00183785,7.43E-06,0.0242084,0.00184112,1.001779138
414,tool,40,50,0.16,after,0.0409346,0.0213164,0.00154271,6.37E-06,0.0229959,0.00166131,1.076877743
415,tool,40,50,0.16,after,0.0412773,0.0230942,0.00165806,7.43E-06,0.0242084,0.00184112,1.11040601
416,tool,40,50,0.16,after,0.0412773,0.0229481,0.00177289,7.43E-06,0.0242084,0.00184112,1.038485066
417,tool,40,50,0.16,after,0.0413796,0.0256691,0.00161887,6.37E-06,0.0229959,0.00166131,1.026215856
418,tool,40,50,0.16,after,0.0425519,0.0142222,0.00179014,7.43E-06,0.0242084,0.00184112,1.028478102
419,tool,40,50,0.16,after,0.0434123,0.0165685,0.0015598,6.37E-06,0.0229959,0.00166131,1.065078896
420,tool,40,50,0.16,after,0.0438143,0.0264624,0.00171816,7.43E-06,0.0242084,0.00184112,1.071564807
421,tool,40,50,0.16,after,0.0438143,0.0196699,0.00177443,7.43E-06,0.0242084,0.00184112,1.037583781
422,tool,40,50,0.16,after,0.0440211,0.0132039,0.00136659,5.31E-06,0.02164,0.001471175,1.076530025
423,tool,40,50,0.16,after,0.0449704,0.0213164,0.00243719,1.06E-05,0.0272647,0.002335346,0.958212721
424,tool,40,50,0.16,after,0.0453145,0.0142222,0.00225723,9.55E-06,0.0263238,0.002176943,0.964431139
425,tool,40,50,0.16,after,0.0453145,0.0264914,0.00214154,9.55E-06,0.0263238,0.002176943,1.016531514
426,tool,40,50,0.16,after,0.046475,0.0179508,0.00155997,6.37E-06,0.0229959,0.00166131,1.064962828
427,tool,40,50,0.16,after,0.0468478,0.0233241,0.00160282,6.37E-06,0.0229959,0.00166131,1.036491972
428,tool,40,50,0.16,after,0.0498303,0.0251412,0.00219714,9.55E-06,0.0263238,0.002176943,0.990807549
429,tool,40,50,0.16,after,0.0504741,0.0304592,0.00224467,9.55E-06,0.0263238,0.002176943,0.969827591
430,tool,40,50,0.16,after,0.0509556,0.0189579,0.00187235,7.43E-06,0.0242084,0.00184112,0.983320314
431,tool,40,50,0.16,after,0.0517088,0.0256959,0.00181191,7.43E-06,0.0242084,0.00184112,1.016120993
432,tool,40,50,0.16,after,0.0529447,0.0291684,0.00305949,1.49E-05,0.0305007,0.002922601,0.955257482
433,tool,40,50,0.16,after,0.0550967,0.0236498,0.00336702,1.59E-05,0.0312103,0.003060171,0.908866431
434,tool,40,50,0.16,after,0.0570798,0.0260731,0.00283527,1.17E-05,0.0281448,0.002488549,0.87771149
435,tool,40,50,0.16,after,0.0579692,0.0268138,0.00253682,1.06E-05,0.0272647,0.002335346,0.920580278
436,tool,40,50,0.16,after,0.0580407,0.0273248,0.00224398,9.55E-06,0.0263238,0.002176943,0.970125803
437,tool,40,50,0.16,after,0.0600072,0.0152405,0.00227899,9.55E-06,0.0263238,0.002176943,0.955222664
438,tool,40,50,0.16,after,0.0600388,0.0280739,0.0036292,1.59E-05,0.0312103,0.003060171,0.843208269
439,tool,40,50,0.16,after,0.0609058,0.0252046,0.00207357,8.49E-06,0.0253103,0.00201254,0.970567529
440,tool,40,50,0.16,after,0.0622606,0.0305676,0.00313565,1.49E-05,0.0305007,0.002922601,0.932055782
441,tool,40,50,0.16,after,0.0639364,0.0279646,0.00356824,1.70E-05,0.031889,0.003194712,0.895318619
442,tool,40,50,0.16,after,0.065022,0.0324938,0.00419523,1.80E-05,0.03254,0.00332648,0.792919675
443,tool,40,50,0.16,after,0.065194,0.0344985,0.00310148,1.38E-05,0.0297565,0.002781721,0.896901154
444,tool,40,50,0.16,after,0.067189,0.0239999,0.00369819,1.70E-05,0.031889,0.003194712,0.863858188
445,tool,40,50,0.16,after,0.0702159,0.0234643,0.00300008,1.27E-05,0.0289731,0.00263718,0.87903662
446,tool,40,50,0.16,after,0.0708092,0.0337694,0.00368877,1.59E-05,0.0312103,0.003060171,0.829591287
447,tool,40,50,0.16,after,0.0709285,0.0252294,0.00300843,1.38E-05,0.0297565,0.002781721,0.924642086
448,tool,40,50,0.16,after,0.0730799,0.0366581,0.00440551,2.02E-05,0.033769,0.003582501,0.813186353
449,tool,40,50,0.16,after,0.0760023,0.0329004,0.0033712,1.49E-05,0.0305007,0.002922601,0.866931868
450,tool,40,50,0.16,after,0.0768049,0.0331165,0.00460033,2.23E-05,0.0349146,0.003829693,0.832482338
451,tool,40,50,0.16,after,0.0774534,0.0385904,0.0057493,2.87E-05,0.0379654,0.004528202,0.787609347
452,tool,40,50,0.16,after,0.0801912,0.0264079,0.00486084,2.23E-05,0.0349146,0.003829693,0.787866598
453,tool,40,50,0.16,after,0.0872076,0.0356678,0.00830302,4.35E-05,0.0436377,0.005982374,0.72050582
454,tool,40,50,0.16,after,0.0882567,0.0162589,0.00636509,2.97E-05,0.0384285,0.004639346,0.728873548
455,tool,40,50,0.16,after,0.0891216,0.0318683,0.00608367,2.76E-05,0.0374908,0.004415697,0.72582787
456,tool,40,50,0.16,after,0.0913705,0.0371436,0.0063005,3.18E-05,0.0393225,0.004857716,0.771004831
457,tool,40,50,0.16,after,0.0926623,0.0365438,0.007565,3.93E-05,0.0421698,0.005586669,0.738488987
458,tool,40,50,0.16,after,0.100161,0.0394149,0.00560718,2.65E-05,0.0370039,0.004301747,0.767185475
459,tool,40,50,0.16,after,0.10589,0.0294885,0.0057806,2.97E-05,0.0384285,0.004639346,0.802571659
460,tool,40,50,0.16,after,0.107948,0.0376779,0.00631013,3.08E-05,0.0388806,0.004749149,0.752622994
461,tool,40,50,0.16,after,0.114694,0.0485523,0.010798,5.94E-05,0.0484169,0.00736451,0.682025336
462,tool,40,50,0.16,after,0.114946,0.0248882,0.00540714,2.33E-05,0.0354602,0.00395032,0.730574686
463,tool,40,50,0.16,after,0.116395,0.0566227,0.0108564,5.31E-05,0.046622,0.0068286,0.628993035
464,tool,40,50,0.16,after,0.121077,0.0478741,0.0108863,6.05E-05,0.0487034,0.007451924,0.684523143
465,tool,40,50,0.16,after,0.124492,0.0295414,0.00851874,3.93E-05,0.0421698,0.005586669,0.655809331
466,tool,40,50,0.16,after,0.132087,0.0519362,0.0209507,0.000125223,0.0620718,0.012104269,0.577750079
467,tool,40,50,0.16,after,0.133434,0.0423548,0.00733806,3.40E-05,0.0401776,0.005071283,0.691093162
468,tool,40,50,0.16,after,0.136089,0.0448269,0.00867689,4.35E-05,0.0436377,0.005982374,0.689460652
469,tool,40,50,0.16,after,0.139874,0.0359462,0.00689093,3.18E-05,0.0393225,0.004857716,0.704943445
470,tool,40,50,0.16,after,0.150515,0.0639741,0.0230341,0.000124161,0.061896,0.012035802,0.522521052
471,tool,40,50,0.16,after,0.155505,0.032544,0.00800853,3.71E-05,0.0413958,0.005383472,0.672217208
472,tool,40,50,0.16,after,0.162114,0.0427591,0.0143999,7.32E-05,0.0519059,0.008464149,0.58779224
473,tool,40,50,0.16,after,0.164413,0.0433368,0.0117318,6.16E-05,0.0489865,0.007538808,0.642596039
474,tool,40,50,0.16,after,0.165295,0.0681367,0.0158496,8.28E-05,0.0540711,0.009185024,0.57951139
475,tool,40,50,0.16,after,0.175644,0.0634409,0.0181987,0.000100815,0.0577442,0.010475303,0.575607236
476,tool,40,50,0.16,after,0.194561,0.0421511,0.0139299,6.90E-05,0.0508829,0.008133802,0.583909559
477,tool,40,50,0.16,after,0.195051,0.0652075,0.0197805,0.000111427,0.0597031,0.011198082,0.566117228
478,tool,40,50,0.16,after,0.195893,0.0424081,0.0248995,0.000127345,0.0624206,0.012240686,0.491603679
479,tool,40,50,0.16,after,0.210445,0.0716996,0.0227197,0.000122039,0.0615413,0.011898253,0.523697635
480,tool,40,50,0.16,after,0.213092,0.0654991,0.0183081,9.02E-05,0.0556425,0.009726647,0.531275594
481,tool,40,50,0.16,after,0.218221,0.0542767,0.0189363,9.44E-05,0.056502,0.010029459,0.529641966
482,tool,40,50,0.16,after,0.230719,0.0793072,0.031725,0.000195262,0.0719791,0.016276563,0.513051623
483,tool,40,50,0.16,after,0.241636,0.0615368,0.0192335,9.55E-05,0.0567128,0.010104435,0.525356041
484,tool,40,50,0.16,after,0.241875,0.0728956,0.0238136,0.000125223,0.0620718,0.012104269,0.508292261
485,tool,40,50,0.16,after,0.250253,0.0637182,0.0226906,0.000117794,0.0608193,0.011620711,0.512137677
486,tool,40,50,0.16,after,0.251773,0.0607878,0.0274956,0.000145386,0.065239,0.013371018,0.486296633
487,tool,40,50,0.16,after,0.2625,0.0787991,0.0352257,0.000209058,0.0736359,0.017034487,0.483581234
488,tool,40,50,0.16,after,0.26451,0.0487931,0.0381113,0.000199507,0.072497,0.01651163,0.433247615
489,tool,40,50,0.16,after,0.269253,0.0540359,0.0183097,8.81E-05,0.0552027,0.009573495,0.522864654
490,tool,40,50,0.16,after,0.300997,0.0691695,0.023434,0.000120978,0.0613624,0.011829177,0.504786954
491,tool,40,50,0.16,after,0.309563,0.0645396,0.0443741,0.00027273,0.0804597,0.020337927,0.458328784
492,tool,40,50,0.16,after,0.331347,0.0637749,0.0300479,0.000162365,0.0676858,0.014392791,0.47899489
493,tool,40,50,0.16,after,0.358061,0.100795,0.0641265,0.00040432,0.0917436,0.026442434,0.412347999
494,tool,40,50,0.16,after,0.372992,0.0950846,0.0522652,0.000322607,0.0850926,0.022747489,0.435232025
495,tool,40,50,0.16,after,0.37425,0.177775,0.117696,0.000713132,0.110847,0.038600929,0.327971463
496,tool,40,50,0.16,after,0.378093,0.19066,0.305764,0.00204495,0.157481,0.077912331,0.254811984
497,tool,40,50,0.16,after,0.39495,0.102322,0.0564858,0.000336403,0.0862887,0.023391481,0.414112596
498,tool,40,50,0.16,after,0.407471,0.0870703,0.0460524,0.000264241,0.079616,0.019913637,0.432412573
499,tool,40,50,0.16,after,0.417458,0.0741661,0.17531,0.000966761,0.12268,0.047282171,0.269706068
500,tool,40,50,0.16,after,0.455214,0.115828,0.0732267,0.0004213,0.0930102,0.027177595,0.37114325
501,tool,40,50,0.16,after,0.467521,0.107034,0.0676408,0.0004213,0.0930102,0.027177595,0.401792933
502,tool,40,50,0.16,after,0.474315,0.125499,0.127764,0.000862762,0.118113,0.043827356,0.343033689
503,tool,40,50,0.16,after,0.503999,0.0720616,0.0690521,0.000414932,0.0925393,0.026903098,0.38960579
504,tool,40,50,0.16,after,0.510526,0.114912,0.0832153,0.000512564,0.0992925,0.030972964,0.372202753
505,tool,40,50,0.16,after,0.53598,0.0862499,0.0687371,0.000379913,0.089859,0.025367229,0.369047128
506,tool,40,50,0.16,after,0.549879,0.0756606,0.0505768,0.000280159,0.0811836,0.020705536,0.409388026
507,tool,40,50,0.16,after,0.557354,0.167334,0.156058,0.000996474,0.123924,0.048245934,0.309153866
508,tool,40,50,0.16,after,0.573975,0.142109,0.125056,0.000741784,0.112312,0.039628004,0.316882066
509,tool,40,50,0.16,after,0.591777,0.108289,0.0603118,0.000320485,0.0849056,0.022647619,0.375508916
510,tool,40,50,0.16,after,0.61386,0.163468,0.180572,0.0011026,0.128176,0.051613499,0.285833346
511,tool,40,50,0.16,after,0.639621,0.161964,0.136085,0.000848966,0.11748,0.043358849,0.318615934
512,tool,40,50,0.16,after,0.684262,0.129026,0.155704,0.000906272,0.120066,0.045288711,0.290864144
513,tool,40,50,0.16,after,0.697263,0.106584,0.245993,0.00137533,0.137976,0.059807682,0.243127578
514,tool,40,50,0.16,after,0.707288,0.1837,0.168155,0.000979495,0.123216,0.047696233,0.283644456
515,tool,40,50,0.16,after,0.768421,0.191012,0.183469,0.00109092,0.127722,0.051248516,0.279330655
516,tool,40,50,0.16,after,0.776972,0.161188,0.1515,0.000967822,0.122725,0.047316864,0.312322535
517,tool,40,50,0.16,after,0.78006,0.208025,0.24694,0.00158651,0.144704,0.065782586,0.266390971
518,tool,40,50,0.16,after,0.870497,0.204984,0.165091,0.000986924,0.123527,0.04793731,0.290369009
519,tool,40,50,0.16,after,0.875147,0.397902,0.951776,0.00629721,0.229113,0.16491089,0.173266494
520,tool,40,50,0.16,after,0.901676,0.269759,0.319601,0.00206193,0.157916,0.078343351,0.245128616
521,tool,40,50,0.16,after,1.02725,0.303964,0.305143,0.00190381,0.153771,0.074284593,0.243441905
522,tool,40,50,0.16,after,1.10603,0.381963,0.586325,0.00391161,0.195488,0.120057717,0.204763087
523,tool,40,50,0.16,after,1.1532,0.291229,0.718771,0.00461838,0.206616,0.134115129,0.18658951
524,tool,40,50,0.16,after,1.25037,0.192112,0.198124,0.00114823,0.12992,0.053027591,0.267648497
525,tool,40,50,0.16,after,1.26265,0.234747,0.162188,0.000951904,0.122048,0.046796267,0.288531005
526,tool,40,50,0.16,after,1.46051,0.267921,0.504555,0.00321122,0.183045,0.105260545,0.208620556
527,tool,40,50,0.16,after,1.66416,0.386361,0.526693,0.00330991,0.184901,0.107405963,0.203925176
528,tool,40,50,0.16,after,1.68295,0.554622,0.810892,0.00515535,0.214332,0.144319131,0.177975774
529,tool,40,50,0.16,after,2.47745,0.564151,1.56786,0.0101271,0.268429,0.226364719,0.144378146
530,tool,40,50,0.16,after,2.99296,0.388143,1.80358,0.0121339,0.285102,0.255358548,0.141584265
531,tool,28,38,0.16,before,2.29E-01,5.47E-02,0.0378397,0.000224152,0.0753671,0.017844874,0.471591314
532,tool,28,38,0.16,before,0.243205,0.0629964,0.0199281,0.000103286,0.0582122,0.01064579,0.534209989
533,tool,28,38,0.16,before,3.71E-02,0.0166327,0.0015964,6.59E-06,0.0232642,0.001700302,1.065085321
534,tool,28,38,0.16,before,2.23675,0.947354,2.30982,0.0159994,0.312633,0.307057358,0.132935622
535,tool,28,38,0.16,before,2.99E-02,0.0160607,0.000859452,3.30E-06,0.0184648,0.001071122,1.24628527
536,tool,28,38,0.16,before,7.89E-02,0.03477,0.00466245,2.31E-05,0.0353219,0.003919566,0.840666611
537,tool,28,38,0.16,before,5.27E-02,0.0256774,0.00249614,1.10E-05,0.0275828,0.002390158,0.957541562
538,tool,28,38,0.16,before,3.11E-01,0.123336,0.0862439,0.000494453,0.098109,0.03023901,0.350622017
539,tool,28,38,0.16,before,2.56E-01,0.0749504,0.0282219,0.000163719,0.0678735,0.014472727,0.512819007
540,tool,28,38,0.16,before,4.99E-02,0.0260169,0.00257443,1.21E-05,0.0284732,0.002546962,0.989330373
541,tool,28,38,0.16,before,4.17E-01,0.0582339,0.0429241,0.000259313,0.079118,0.019665295,0.458141122
542,tool,28,38,0.16,before,5.81E-02,0.0207783,0.00275042,1.21E-05,0.0284732,0.002546962,0.926026495
543,tool,28,38,0.16,before,1.22E-01,0.0409361,0.00883005,4.61E-05,0.0445029,0.00622195,0.704633578
544,tool,28,38,0.16,before,8.65E-01,0.27763,0.698809,0.0047072,0.207932,0.13582901,0.194372153
545,tool,28,38,0.16,before,0.473474,0.167053,0.226125,0.00154379,0.143394,0.064596923,0.28566909
546,tool,28,38,0.16,before,1.13E-02,0.0112976,0.000319891,1.10E-06,0.0128028,0.000514944,1.609747553
547,tool,28,38,0.16,before,2.58E-01,0.0696478,0.0339558,0.00019888,0.072421,0.016477029,0.485249326
548,tool,28,38,0.16,before,3.90E-01,0.284108,0.422359,0.00296892,0.17832,0.099896434,0.236520196
549,tool,28,38,0.16,before,1.47E-01,0.0564667,0.0178079,0.000105483,0.0586222,0.010796279,0.606263455
550,tool,28,38,0.16,before,3.03E-02,0.0141478,0.000617504,2.20E-06,0.0161305,0.000817421,1.32374934
551,tool,28,38,0.16,before,4.59E-02,0.0215241,0.00138171,5.49E-06,0.0218925,0.001505707,1.089741998
552,tool,28,38,0.16,before,5.94E-02,0.032508,0.00427999,2.09E-05,0.034163,0.003666586,0.856680971
553,tool,28,38,0.16,before,1.56E-01,0.0493287,0.0168487,9.45E-05,0.0565116,0.010032868,0.595468349
554,tool,28,38,0.16,before,1.51E+00,0.288848,0.555377,0.0035315,0.188938,0.112147217,0.201929891
555,tool,28,38,0.16,before,8.92E-01,0.267075,0.463857,0.00327548,0.184258,0.106660245,0.229942084
556,tool,28,38,0.16,before,4.90E-01,0.117065,0.0784108,0.00046149,0.0958785,0.028879677,0.368312493
557,tool,28,38,0.16,before,2.55E-01,0.0730984,0.043416,0.000284585,0.081609,0.020923098,0.481921361
558,tool,28,38,0.16,before,5.11E-02,0.0316545,0.00270997,1.21E-05,0.0284732,0.002546962,0.939848704
559,tool,28,38,0.16,before,3.42E-01,0.13501,0.139503,0.000920782,0.120703,0.045770536,0.328097147
560,tool,28,38,0.16,before,5.24E-02,0.0191436,0.00207499,8.79E-06,0.0256056,0.002059775,0.992667443
561,tool,28,38,0.16,before,2.78E-01,0.0723064,0.0255082,0.000131854,0.0631488,0.012527952,0.491134298
562,tool,28,38,0.16,before,1.14E-01,0.0551822,0.0125302,7.25E-05,0.0517392,0.00840987,0.671168072
563,tool,28,38,0.16,before,5.04E-02,0.0239247,0.0022549,9.89E-06,0.0266309,0.002228033,0.988084926
564,tool,28,38,0.16,before,3.71E-02,0.0166327,0.00155752,6.59E-06,0.0232642,0.001700302,1.091672791
565,tool,28,38,0.16,before,1.10E-01,0.0380136,0.00988188,5.27E-05,0.0465284,0.006801209,0.688250497
566,tool,28,38,0.16,before,2.16E-02,0.0159545,0.000600901,2.20E-06,0.0161305,0.000817421,1.360324766
567,tool,28,38,0.16,before,1.13E-02,0.0112976,0.000319891,1.10E-06,0.0128028,0.000514944,1.609747553
568,tool,28,38,0.16,before,0.0357086,0.0225953,0.00149478,6.59E-06,0.0232642,0.001700302,1.137493281
569,tool,28,38,0.16,before,1.30E+00,0.392615,0.758064,0.00507199,0.21317,0.142758522,0.188319881
570,tool,28,38,0.16,before,1.32E-01,0.0375107,0.00817765,4.07E-05,0.0426618,0.00571779,0.699197239
571,tool,28,38,0.16,before,3.58E-01,0.145199,0.103508,0.000673555,0.108757,0.037159025,0.358996649
572,tool,28,38,0.16,before,5.06E-01,0.121699,0.0906173,0.000564776,0.102556,0.033042433,0.364637141
573,tool,28,38,0.16,before,1.60E-01,0.0521404,0.0221348,0.000119768,0.0611571,0.011750156,0.530845374
574,tool,28,38,0.16,before,0.107662,0.0424901,0.0116768,6.37E-05,0.049558,0.007715737,0.660774955
575,tool,28,38,0.16,before,5.86E-02,0.0287967,0.00325859,1.65E-05,0.0315744,0.003131988,0.961148219
576,tool,28,38,0.16,before,1.23E-01,0.0195391,0.00709292,3.30E-05,0.0397813,0.004971733,0.700943082
577,tool,28,38,0.16,before,6.49E-02,0.013358,0.00303002,1.32E-05,0.0293111,0.00269907,0.890776214
578,tool,28,38,0.16,before,3.56E-02,0.025282,0.001478,6.59E-06,0.0232642,0.001700302,1.150407446
579,tool,28,38,0.16,before,2.18E-01,0.0661296,0.024265,0.000146138,0.0653515,0.013417172,0.552943424
580,tool,28,38,0.16,before,7.77E-02,0.0174787,0.0029332,1.21E-05,0.0284732,0.002546962,0.868321898
581,tool,28,38,0.16,before,5.24E-02,0.0184552,0.00144393,5.49E-06,0.0218925,0.001505707,1.042784218
582,tool,28,38,0.16,before,3.48E-01,0.0872646,0.046932,0.000292277,0.0823377,0.021298417,0.453814401
583,tool,28,38,0.16,before,1.34E-01,0.0685232,0.0187552,0.000115372,0.0603997,0.011460919,0.61107953
584,tool,28,38,0.16,before,2.34E-02,0.0112976,0.00060072,2.20E-06,0.0161305,0.000817421,1.360734639
585,tool,28,38,0.16,before,4.70E-02,0.0289777,0.00219643,9.89E-06,0.0266309,0.002228033,1.014388211
586,tool,28,38,0.16,before,1.81E-01,0.0717943,0.0321039,0.000201078,0.0726867,0.016598154,0.517013619
587,tool,28,38,0.16,before,1.50E+00,0.438654,0.61043,0.00405891,0.197911,0.123052301,0.201582984
588,tool,28,38,0.16,before,5.61E-01,0.0685384,0.199567,0.00144161,0.140157,0.061713398,0.309236486
589,tool,28,38,0.16,before,3.18E-02,0.0242218,0.00134213,5.49E-06,0.0218925,0.001505707,1.121878966
590,tool,28,38,0.16,before,2.88E-01,0.115947,0.0707813,0.000484564,0.0974506,0.02983451,0.421502711
591,tool,28,38,0.16,before,1.45E-01,0.0379793,0.0147705,7.69E-05,0.052764,0.008746319,0.592147771
592,tool,28,38,0.16,before,1.79E-01,0.0445248,0.013619,7.03E-05,0.0512112,0.0082391,0.604971002
593,tool,28,38,0.16,before,3.21E-01,0.0710706,0.0272386,0.000139546,0.0643536,0.013010547,0.477651102
594,tool,28,38,0.16,before,0.0374532,0.0157642,0.001118,4.40E-06,0.0203232,0.00129758,1.160625882
595,tool,28,38,0.16,before,2.08E+00,0.497426,1.20385,0.00786181,0.246703,0.191204775,0.15882774
596,tool,28,38,0.16,before,9.50E-02,0.0143882,0.00491445,2.20E-05,0.0347521,0.003794128,0.772035123
597,tool,28,38,0.16,before,3.75E-01,0.116068,0.10394,0.000639493,0.106892,0.035895522,0.345348494
598,tool,28,38,0.16,before,0.129569,0.0357078,0.0100939,5.27E-05,0.0465284,0.006801209,0.673793957
599,tool,28,38,0.16,before,2.27E-02,0.0142193,0.00060072,2.20E-06,0.0161305,0.000817421,1.360734639
600,tool,28,38,0.16,before,1.13E-02,0.0112976,0.000319891,1.10E-06,0.0128028,0.000514944,1.609747553
601,tool,28,38,0.16,before,1.51E-01,0.0605945,0.0211809,0.000127459,0.0624392,0.012247982,0.578255967
602,tool,28,38,0.16,before,0.0215651,0.0159545,0.000600901,2.20E-06,0.0161305,0.000817421,1.360324766
603,tool,28,38,0.16,before,2.16E-02,0.0159545,0.000600901,2.20E-06,0.0161305,0.000817421,1.360324766
604,tool,28,38,0.16,before,1.21E-01,0.0246213,0.0100318,4.94E-05,0.0455382,0.006514808,0.649415616
605,tool,28,38,0.16,before,2.81E+00,0.509204,2.47175,0.0167653,0.317544,0.316779957,0.128160193
606,tool,28,38,0.16,before,4.70E-02,0.0207783,0.0022722,9.89E-06,0.0266309,0.002228033,0.980561878
607,tool,28,38,0.16,before,1.36E-01,0.045547,0.0103293,5.49E-05,0.0471659,0.006988857,0.676605048
608,tool,28,38,0.16,before,1.13E-02,0.0112976,0.000319891,1.10E-06,0.0128028,0.000514944,1.609747553
609,tool,28,38,0.16,before,8.96E-01,0.2836,0.622878,0.00419516,0.200101,0.125790659,0.201950717
610,tool,28,38,0.16,before,2.16E-02,0.0159545,0.000600901,2.20E-06,0.0161305,0.000817421,1.360324766
611,tool,28,38,0.16,before,4.63E-02,0.0222095,0.00194251,7.69E-06,0.0244909,0.00188434,0.970054422
612,tool,28,38,0.16,before,3.97E-02,0.0250987,0.00171961,7.69E-06,0.0244909,0.00188434,1.095795218
613,tool,28,38,0.16,before,3.07E-01,0.0748446,0.0307298,0.000179102,0.069936,0.015365668,0.500024999
614,tool,28,38,0.16,before,1.51E-01,0.0535312,0.0254051,0.000147237,0.0655148,0.013484309,0.530771754
615,tool,28,38,0.16,before,1.13E-02,0.0112976,0.000319891,1.10E-06,0.0128028,0.000514944,1.609747553
616,tool,28,38,0.16,before,5.32E-02,0.0154184,0.00254649,1.10E-05,0.0275828,0.002390158,0.93860875
617,tool,28,38,0.16,before,4.37E-01,0.14712,0.133865,0.000936165,0.121372,0.046279312,0.345716293
618,tool,28,38,0.16,before,3.17E-01,0.0678545,0.0452385,0.000246128,0.0777537,0.018992931,0.419839992
619,tool,28,38,0.16,before,2.10E-01,0.04614,0.0244361,0.00012636,0.0622593,0.012177506,0.498340801
620,tool,28,38,0.16,before,1.13E-02,0.0112976,0.000319891,1.10E-06,0.0128028,0.000514944,1.609747553
621,tool,28,38,0.16,before,1.50E-01,0.0498599,0.0122119,6.48E-05,0.0498412,0.007804172,0.639062911
622,tool,28,38,0.16,before,2.16E-02,0.0159545,0.000600901,2.20E-06,0.0161305,0.000817421,1.360324766
623,tool,28,38,0.16,before,1.13E-02,0.0112976,0.000319891,1.10E-06,0.0128028,0.000514944,1.609747553
624,tool,28,38,0.16,before,6.15E-02,0.024077,0.00242125,9.89E-06,0.0266309,0.002228033,0.920199359
625,tool,28,38,0.16,before,1.66E-01,0.0425081,0.0149239,7.69E-05,0.052764,0.008746319,0.586061194
626,tool,28,38,0.16,before,1.74E-01,0.0508613,0.0236072,0.000130755,0.0629729,0.012458256,0.527731212
627,tool,28,38,0.16,before,0.0860966,0.0474604,0.00871847,4.72E-05,0.0448533,0.006320314,0.72493388
628,tool,28,38,0.16,before,4.68E-02,0.0143882,0.00205165,8.79E-06,0.0256056,0.002059775,1.003960236
629,tool,28,38,0.16,before,3.80E-02,0.013358,0.00159588,6.59E-06,0.0232642,0.001700302,1.065432367
630,tool,28,38,0.16,before,1.72E-01,0.0601786,0.0257248,0.000158225,0.0671056,0.014147099,0.549940106
631,tool,28,38,0.16,before,8.77E-02,0.0445346,0.00757958,4.18E-05,0.0430427,0.005820347,0.767898367
632,tool,28,38,0.16,before,6.80E-02,0.0256858,0.00438448,2.20E-05,0.0347521,0.003794128,0.86535416
633,tool,28,38,0.16,before,2.99E-02,0.0248641,0.00109573,4.40E-06,0.0203232,0.00129758,1.184214849
634,tool,28,38,0.16,before,1.13E-02,0.0112976,0.000319891,1.10E-06,0.0128028,0.000514944,1.609747553
635,tool,28,38,0.16,before,1.13E-02,0.0112976,0.000319891,1.10E-06,0.0128028,0.000514944,1.609747553
636,tool,28,38,0.16,before,4.63E-02,0.0243746,0.00221478,9.89E-06,0.0266309,0.002228033,1.005983754
637,tool,28,38,0.16,before,1.24E-01,0.0329814,0.0104029,5.05E-05,0.045873,0.006610954,0.635491484
638,tool,28,38,0.16,before,6.17E-02,0.0310847,0.00277593,1.21E-05,0.0284732,0.002546962,0.917516577
639,tool,28,38,0.16,before,4.02E-01,0.101227,0.106571,0.000726297,0.111525,0.039074582,0.366653045
640,tool,28,38,0.16,before,1.13E-02,0.0112976,0.000319891,1.10E-06,0.0128028,0.000514944,1.609747553
641,tool,28,38,0.16,before,9.36E-02,0.0346593,0.00593788,2.53E-05,0.0364094,0.004164635,0.701367278
642,tool,28,38,0.16,before,1.13E-02,0.0112976,0.000319891,1.10E-06,0.0128028,0.000514944,1.609747553
643,tool,28,38,0.16,before,6.71E-02,0.0314231,0.0037329,1.76E-05,0.032261,0.003269682,0.87590936
644,tool,28,38,0.16,before,3.53E-02,0.0243063,0.0011007,4.40E-06,0.0203232,0.00129758,1.178867754
645,tool,28,38,0.16,before,1.05E-01,0.044964,0.00779006,4.40E-05,0.0437849,0.006022802,0.773139379
646,tool,28,38,0.16,before,2.93E-02,0.0149904,0.000859452,3.30E-06,0.0184648,0.001071122,1.24628527
647,tool,28,38,0.16,before,4.20E-02,0.0252274,0.00171925,7.69E-06,0.0244909,0.00188434,1.09602467
648,tool,28,38,0.16,before,1.13E-02,0.0112976,0.000319891,1.10E-06,0.0128028,0.000514944,1.609747553
649,tool,28,38,0.16,before,2.00E-01,0.0526507,0.0293947,0.000163719,0.0678735,0.014472727,0.492358376
650,tool,28,38,0.16,before,3.17E-01,0.0841969,0.0522799,0.000324142,0.0852273,0.022819564,0.436488278
651,tool,28,38,0.16,before,7.65E-02,0.0353371,0.00454744,2.09E-05,0.034163,0.003666586,0.806296727
652,tool,28,38,0.16,before,3.18E-02,0.0158589,0.00135446,5.49E-06,0.0218925,0.001505707,1.111666211
653,tool,28,38,0.16,before,2.47E-01,0.0810392,0.0448368,0.000302166,0.083256,0.021776143,0.485675668
654,tool,28,38,0.16,before,4.52E-01,0.214792,0.211655,0.00147017,0.141077,0.062526239,0.295415836
655,tool,28,38,0.16,before,0.0112976,0.0112976,0.000319891,1.10E-06,0.0128028,0.000514944,1.609747553
656,tool,28,38,0.16,before,6.50E-02,0.0214651,0.00320654,1.43E-05,0.0301037,0.002847014,0.887877326
657,tool,28,38,0.16,before,2.15E-01,0.109679,0.0488312,0.000306561,0.0836578,0.021986837,0.450262061
658,tool,28,38,0.16,before,2.83E-01,0.0511223,0.0366513,0.000231844,0.0762194,0.018250759,0.497956655
659,tool,28,38,0.16,before,1.67E-01,0.0638187,0.0241526,0.000150534,0.0660002,0.013684861,0.566599891
660,tool,28,38,0.16,before,8.34E-02,0.0302842,0.00387751,1.65E-05,0.0315744,0.003131988,0.807731759
661,tool,28,38,0.16,before,1.02E+00,0.247339,0.541191,0.00380399,0.193678,0.117844809,0.217750866
662,tool,28,38,0.16,before,0.307732,0.0659765,0.0870629,0.000510935,0.0991872,0.030907305,0.354999715
663,tool,28,38,0.16,before,3.26E-01,0.0825403,0.0659246,0.000442811,0.094567,0.028095004,0.426168743
664,tool,28,38,0.16,before,2.79E-01,0.105439,0.0408515,0.000234041,0.0764595,0.018365924,0.449577711
665,tool,28,38,0.16,before,6.41E-02,0.0164485,0.00350258,1.54E-05,0.0308566,0.002991204,0.854000157
666,tool,28,38,0.16,before,1.14E-01,0.044312,0.0116051,6.15E-05,0.0489817,0.007537331,0.649484354
667,tool,28,38,0.16,before,4.10E-02,0.0253213,0.00213491,9.89E-06,0.0266309,0.002228033,1.043619028
668,tool,28,38,0.16,before,3.56E-02,0.025282,0.001478,6.59E-06,0.0232642,0.001700302,1.150407446
669,tool,28,38,0.16,before,1.14E+00,0.494618,0.987079,0.00644767,0.230924,0.167528236,0.169721204
670,tool,28,38,0.16,before,3.53E-01,0.082174,0.0396627,0.000213164,0.0741149,0.017256826,0.435089549
671,tool,28,38,0.16,before,4.70E-02,0.0250987,0.00233781,1.10E-05,0.0275828,0.002390158,1.022391809
672,tool,28,38,0.16,before,1.33E-01,0.0502141,0.0137789,7.91E-05,0.0532618,0.008912131,0.64679552
673,tool,28,38,0.16,before,7.58E-02,0.0385248,0.00570452,3.19E-05,0.0393342,0.004860607,0.852062415
674,tool,28,38,0.16,before,2.51E-01,0.0723664,0.0288539,0.000164818,0.068025,0.014537408,0.503828176
675,tool,28,38,0.16,before,1.68E-01,0.0769725,0.0226665,0.00012636,0.0622593,0.012177506,0.537246847
676,tool,28,38,0.16,before,1.34E-01,0.046137,0.00787596,3.85E-05,0.0418788,0.005509832,0.699575882
677,tool,28,38,0.16,before,4.72E-02,0.0286941,0.00259173,1.21E-05,0.0284732,0.002546962,0.982726516
678,tool,28,38,0.16,before,4.21E-01,0.089662,0.0614587,0.000384575,0.0902251,0.025574351,0.416122546
679,tool,28,38,0.16,before,3.51E-01,0.100571,0.0444093,0.00024393,0.0775216,0.01887971,0.425129655
680,tool,28,38,0.16,before,2.16E-02,0.0159545,0.000600901,2.20E-06,0.0161305,0.000817421,1.360324766
681,tool,28,38,0.16,before,3.42E-01,0.096132,0.0389337,0.0001813,0.0702209,0.015491114,0.39788446
682,tool,28,38,0.16,before,4.08E-02,0.0215241,0.00135943,5.49E-06,0.0218925,0.001505707,1.107602022
683,tool,28,38,0.16,before,5.88E-02,0.0324895,0.00294296,1.21E-05,0.0284732,0.002546962,0.865442205
684,tool,28,38,0.16,before,0.0357086,0.0167039,0.000881027,3.30E-06,0.0184648,0.001071122,1.215765655
685,tool,28,38,0.16,before,1.13E-02,0.0112976,0.000319891,1.10E-06,0.0128028,0.000514944,1.609747553
686,tool,28,38,0.16,before,8.11E-01,0.318845,0.39621,0.00195144,0.155043,0.075518647,0.190602576
687,tool,28,38,0.16,before,4.21E-02,0.0186868,0.00116222,4.40E-06,0.0203232,0.00129758,1.116466535
688,tool,28,38,0.16,before,6.51E-02,0.0230035,0.00311346,1.32E-05,0.0293111,0.00269907,0.86690362
689,tool,28,38,0.16,before,2.99E-02,0.0160607,0.000859452,3.30E-06,0.0184648,0.001071122,1.24628527
690,tool,28,38,0.16,before,1.13E-02,0.0112976,0.000319891,1.10E-06,0.0128028,0.000514944,1.609747553
691,tool,28,38,0.16,before,1.03E-01,0.0266689,0.00851819,3.74E-05,0.0414761,0.005404378,0.634451423
692,tool,28,38,0.16,before,5.21E-02,0.0180632,0.00187741,7.69E-06,0.0244909,0.00188434,1.003691476
693,tool,28,38,0.16,before,2.16E-02,0.0159545,0.000600901,2.20E-06,0.0161305,0.000817421,1.360324766
694,tool,28,38,0.16,before,2.66E-01,0.0908558,0.0348768,0.000158225,0.0671056,0.014147099,0.405630656
695,tool,28,38,0.16,before,6.71E-02,0.0276916,0.00336395,1.43E-05,0.0301037,0.002847014,0.846330701
696,tool,28,38,0.16,before,1.08E-01,0.0390956,0.00726743,3.19E-05,0.0393342,0.004860607,0.668820627
697,tool,28,38,0.16,before,2.34E-02,0.0112976,0.00060072,2.20E-06,0.0161305,0.000817421,1.360734639
698,tool,28,38,0.16,before,2.12E-01,0.0751033,0.0262686,0.000119768,0.0611571,0.011750156,0.447308048
699,tool,28,38,0.16,before,2.24E-01,0.0411042,0.0189651,8.24E-05,0.0539915,0.009158,0.482887009
700,tool,28,38,0.16,before,1.21E-01,0.0419685,0.0102162,4.72E-05,0.0448533,0.006320314,0.618656084
701,tool,28,38,0.16,before,0.0651537,0.013358,0.00259103,1.10E-05,0.0275828,0.002390158,0.922473995
702,tool,28,38,0.16,before,5.89E-02,0.0143882,0.00213526,8.79E-06,0.0256056,0.002059775,0.964648341
703,tool,28,38,0.16,before,1.13E-02,0.0112976,0.000319891,1.10E-06,0.0128028,0.000514944,1.609747553
704,tool,28,38,0.16,before,9.10E-02,0.0309925,0.00451002,1.98E-05,0.0335528,0.003536775,0.784203798
705,tool,28,38,0.16,before,6.70E-02,0.0274186,0.00335814,1.43E-05,0.0301037,0.002847014,0.847794958
706,tool,28,38,0.16,before,9.15E-02,0.0317906,0.00557971,2.42E-05,0.0358739,0.004043031,0.724595165
707,tool,28,38,0.16,before,2.16E-02,0.0159545,0.000600901,2.20E-06,0.0161305,0.000817421,1.360324766
708,tool,28,38,0.16,before,1.71E-01,0.0605471,0.0125913,5.60E-05,0.0474783,0.007081744,0.562431481
709,tool,28,38,0.16,before,7.42E-01,0.116093,0.0638634,0.000285684,0.0817139,0.020976921,0.328465465
710,tool,28,38,0.16,before,0.0809722,0.0266506,0.00498689,2.31E-05,0.0353219,0.003919566,0.785974032
711,tool,28,38,0.16,before,1.13E-02,0.0112976,0.000319891,1.10E-06,0.0128028,0.000514944,1.609747553
712,tool,28,38,0.16,before,1.13E-02,0.0112976,0.000319891,1.10E-06,0.0128028,0.000514944,1.609747553
713,tool,28,38,0.16,before,9.46E-02,0.0200338,0.0044251,1.98E-05,0.0335528,0.003536775,0.799253082
714,tool,28,38,0.16,before,8.54E-02,0.019738,0.00372756,1.65E-05,0.0315744,0.003131988,0.840224698
715,tool,28,38,0.16,before,1.15E-01,0.0200338,0.00726024,3.30E-05,0.0397813,0.004971733,0.684789098
716,tool,28,38,0.16,before,2.34E-02,0.0112976,0.00060072,2.20E-06,0.0161305,0.000817421,1.360734639
717,tool,28,38,0.16,before,8.08E-02,0.0230127,0.00408827,1.76E-05,0.032261,0.003269682,0.799771554
718,tool,28,38,0.16,before,1.04E-01,0.0154024,0.00284735,1.10E-05,0.0275828,0.002390158,0.839432383
719,tool,28,38,0.16,before,1.43E-01,0.0376433,0.0110494,4.83E-05,0.0451983,0.006417917,0.580838477
720,tool,28,38,0.16,before,5.60E-02,0.0227322,0.00233745,9.89E-06,0.0266309,0.002228033,0.953189458
721,tool,28,38,0.16,before,2.34E-02,0.0112976,0.00060072,2.20E-06,0.0161305,0.000817421,1.360734639
722,tool,28,38,0.16,before,5.17E-01,0.0928371,0.147933,0.000702124,0.110274,0.038202882,0.25824449
723,tool,28,38,0.16,before,4.76E-02,0.0216753,0.00168393,6.59E-06,0.0232642,0.001700302,1.009722617
724,tool,28,38,0.16,before,1.73E-01,0.0638237,0.0285153,0.000138447,0.0641842,0.012942141,0.453866567
725,tool,28,38,0.16,before,1.24E-01,0.0374216,0.0116887,5.27E-05,0.0465284,0.006801209,0.581861869
726,tool,28,38,0.16,before,3.12E-01,0.212514,0.164456,0.000803212,0.11533,0.041786352,0.254088339
727,tool,28,38,0.16,before,2.32E-01,0.0496057,0.0407347,0.000187892,0.0710619,0.015864395,0.389456522
728,tool,28,38,0.16,before,0.0381117,0.016055,0.000898514,3.30E-06,0.0184648,0.001071122,1.192104261
729,tool,28,38,0.16,before,4.70E-02,0.0180408,0.00139919,5.49E-06,0.0218925,0.001505707,1.076127914
730,tool,28,38,0.16,before,3.02E-02,0.0123278,0.00107877,4.40E-06,0.0203232,0.00129758,1.202832612
731,tool,28,38,0.16,before,9.24E-02,0.0412392,0.00758974,3.63E-05,0.0410654,0.005297878,0.698031609
732,tool,28,38,0.16,before,2.34E-02,0.0112976,0.00060072,2.20E-06,0.0161305,0.000817421,1.360734639
733,tool,28,38,0.16,before,7.18E-02,0.0259764,0.00331995,1.32E-05,0.0293111,0.00269907,0.812985058
734,tool,28,38,0.16,before,1.18E-01,0.0411532,0.00694413,3.08E-05,0.0388768,0.004748221,0.683774737
735,tool,28,38,0.16,before,3.02E-01,0.0672075,0.0295161,0.000134052,0.0634977,0.012666769,0.429147798
736,tool,28,38,0.16,before,3.74E-02,0.0167809,0.000898514,3.30E-06,0.0184648,0.001071122,1.192104261
737,tool,28,38,0.16,before,4.22E-01,0.106538,0.053005,0.000247227,0.0778692,0.0190494,0.359388735
738,tool,28,38,0.16,before,1.77E-01,0.0551139,0.0154878,7.25E-05,0.0517392,0.00840987,0.542999662
739,tool,28,38,0.16,before,2.16E-02,0.0159545,0.000600901,2.20E-06,0.0161305,0.000817421,1.360324766
740,tool,28,38,0.16,before,1.02E-01,0.0293541,0.00720765,3.19E-05,0.0393342,0.004860607,0.674367802
741,tool,28,38,0.16,before,9.72E-02,0.0263921,0.00651008,2.97E-05,0.0384084,0.004634494,0.71189506
742,tool,28,38,0.16,before,9.28E-02,0.0262974,0.00369349,1.54E-05,0.0308566,0.002991204,0.809858392
743,tool,28,38,0.16,before,1.13E-02,0.0112976,0.000319891,1.10E-06,0.0128028,0.000514944,1.609747553
744,tool,28,38,0.16,before,7.99E-02,0.0253429,0.00336041,1.43E-05,0.0301037,0.002847014,0.847222262
745,tool,28,38,0.16,before,3.71E-02,0.0166327,0.00139901,5.49E-06,0.0218925,0.001505707,1.076266371
746,tool,28,38,0.16,before,4.37E-02,0.013358,0.00115689,4.40E-06,0.0203232,0.00129758,1.121610297
747,tool,28,38,0.16,after,0.238046,0.0509471,0.0310443,0.000169213,0.0686244,0.014794728,0.476568268
748,tool,28,38,0.16,after,0.232368,0.0744442,0.0225168,0.000115372,0.0603997,0.011460919,0.50899412
749,tool,28,38,0.16,after,0.593761,0.247026,0.8175,0.00593674,0.224655,0.15855577,0.193952012
750,tool,28,38,0.16,after,0.863418,0.228623,0.31583,0.00222065,0.161868,0.082313653,0.260626453
751,tool,28,38,0.16,after,0.258157,0.102275,0.0663643,0.000379081,0.0897934,0.025330205,0.381684204
752,tool,28,38,0.16,after,0.0234263,0.0112976,0.00060072,2.20E-06,0.0161305,0.000817421,1.360734639
753,tool,28,38,0.16,after,0.0215651,0.0159545,0.000600901,2.20E-06,0.0161305,0.000817421,1.360324766
754,tool,28,38,0.16,after,1.71634,0.391879,0.971407,0.00663117,0.233094,0.170691566,0.175715808
755,tool,28,38,0.16,after,0.79745,0.34895,0.825305,0.00576862,0.222514,0.155548044,0.188473406
756,tool,28,38,0.16,after,0.455742,0.138247,0.187039,0.00129986,0.135404,0.057598724,0.307950341
757,tool,28,38,0.16,after,0.138703,0.0834709,0.0225801,0.000140645,0.064522,0.013078728,0.579214804
758,tool,28,38,0.16,after,0.0294083,0.0123278,0.000859275,3.30E-06,0.0184648,0.001071122,1.246541989
759,tool,28,38,0.16,after,0.0234263,0.0112976,0.00060072,2.20E-06,0.0161305,0.000817421,1.360734639
760,tool,28,38,0.16,after,0.308401,0.0843857,0.035845,0.000201078,0.0726867,0.016598154,0.463053523
761,tool,28,38,0.16,after,0.877691,0.268704,0.415901,0.0028975,0.176878,0.098287324,0.236323846
762,tool,28,38,0.16,after,0.0420855,0.0212148,0.00116204,4.40E-06,0.0203232,0.00129758,1.116639476
763,tool,28,38,0.16,after,0.0215651,0.0159545,0.000600901,2.20E-06,0.0161305,0.000817421,1.360324766
764,tool,28,38,0.16,after,3.73543,0.923306,3.65616,0.0255577,0.365461,0.419596589,0.114764285
765,tool,28,38,0.16,after,0.0234263,0.0112976,0.00060072,2.20E-06,0.0161305,0.000817421,1.360734639
766,tool,28,38,0.16,after,0.0112976,0.0112976,0.000319891,1.10E-06,0.0128028,0.000514944,1.609747553
767,tool,28,38,0.16,after,0.448127,0.0779057,0.0346697,0.000174707,0.0693591,0.015113212,0.435919892
768,tool,28,38,0.16,after,0.318423,0.198423,0.227019,0.00151852,0.142607,0.063889805,0.281429328
769,tool,28,38,0.16,after,0.314055,0.138056,0.126067,0.000838373,0.116989,0.042997176,0.341066066
770,tool,28,38,0.16,after,0.0112976,0.0112976,0.000319891,1.10E-06,0.0128028,0.000514944,1.609747553
771,tool,28,38,0.16,after,0.0418623,0.0220875,0.00135943,5.49E-06,0.0218925,0.001505707,1.107602022
772,tool,28,38,0.16,after,0.11276,0.0394215,0.00792088,3.96E-05,0.0422739,0.005614286,0.708795694
773,tool,28,38,0.16,after,0.0459325,0.0245343,0.001595,6.59E-06,0.0232642,0.001700302,1.066020192
774,tool,28,38,0.16,after,0.0588167,0.0260414,0.00205593,8.79E-06,0.0256056,0.002059775,1.001870208
775,tool,28,38,0.16,after,0.293171,0.099818,0.0825111,0.000538405,0.100934,0.032005517,0.387893467
776,tool,28,38,0.16,after,0.0379162,0.013358,0.00159588,6.59E-06,0.0232642,0.001700302,1.065432367
777,tool,28,38,0.16,after,0.0303493,0.0142165,0.000859452,3.30E-06,0.0184648,0.001071122,1.24628527
778,tool,28,38,0.16,after,0.190032,0.080666,0.0290948,0.000175806,0.0695043,0.015176556,0.521624335
779,tool,28,38,0.16,after,0.124336,0.0357051,0.0065263,3.08E-05,0.0388768,0.004748221,0.7275517
780,tool,28,38,0.16,after,0.158433,0.0454552,0.01487,7.69E-05,0.052764,0.008746319,0.588185518
781,tool,28,38,0.16,after,0.0215651,0.0159545,0.000600901,2.20E-06,0.0161305,0.000817421,1.360324766
782,tool,28,38,0.16,after,0.0519152,0.0251484,0.0021226,8.79E-06,0.0256056,0.002059775,0.970401874
783,tool,28,38,0.16,after,0.0112976,0.0112976,0.000319891,1.10E-06,0.0128028,0.000514944,1.609747553
784,tool,28,38,0.16,after,0.0817899,0.0205349,0.00366928,1.54E-05,0.0308566,0.002991204,0.815201857
785,tool,28,38,0.16,after,0.556749,0.113432,0.0887477,0.000508738,0.0990448,0.030818623,0.347261091
786,tool,28,38,0.16,after,1.74159,0.514504,1.68199,0.0113252,0.278622,0.243882525,0.144996418
787,tool,28,38,0.16,after,0.0112976,0.0112976,0.000319891,1.10E-06,0.0128028,0.000514944,1.609747553
788,tool,28,38,0.16,after,0.0112976,0.0112976,0.000319891,1.10E-06,0.0128028,0.000514944,1.609747553
789,tool,28,38,0.16,after,0.891261,0.16593,0.398988,0.00270191,0.172806,0.093813969,0.2351298
790,tool,28,38,0.16,after,0.0112976,0.0112976,0.000319891,1.10E-06,0.0128028,0.000514944,1.609747553
791,tool,28,38,0.16,after,0.231337,0.048611,0.0489033,0.000257116,0.0788939,0.01955405,0.399851341
792,tool,28,38,0.16,after,0.0112976,0.0112976,0.000319891,1.10E-06,0.0128028,0.000514944,1.609747553
793,tool,28,38,0.16,after,0.0227322,0.0142193,0.00060072,2.20E-06,0.0161305,0.000817421,1.360734639
794,tool,28,38,0.16,after,0.0112976,0.0112976,0.000319891,1.10E-06,0.0128028,0.000514944,1.609747553
795,tool,28,38,0.16,after,0.0234263,0.0112976,0.00060072,2.20E-06,0.0161305,0.000817421,1.360734639
796,tool,28,38,0.16,after,0.0436957,0.013358,0.00115689,4.40E-06,0.0203232,0.00129758,1.121610297
797,tool,28,38,0.16,after,0.218152,0.0582377,0.0241734,0.000131854,0.0631488,0.012527952,0.518253613
798,tool,28,38,0.16,after,0.0500973,0.0264452,0.00271886,1.21E-05,0.0284732,0.002546962,0.936775631
799,tool,28,38,0.16,after,0.0772753,0.0345263,0.00459556,2.09E-05,0.034163,0.003666586,0.797854013
800,tool,28,38,0.16,after,0.0303493,0.0142165,0.000859452,3.30E-06,0.0184648,0.001071122,1.24628527
801,tool,28,38,0.16,after,0.0112976,0.0112976,0.000319891,1.10E-06,0.0128028,0.000514944,1.609747553
802,tool,28,38,0.16,after,2.64395,0.471908,2.29482,0.0158071,0.311376,0.304593158,0.13273074
803,tool,28,38,0.16,after,0.0112976,0.0112976,0.000319891,1.10E-06,0.0128028,0.000514944,1.609747553
804,tool,28,38,0.16,after,0.896293,0.268139,0.603089,0.00402815,0.19741,0.12243009,0.203005013
805,tool,28,38,0.16,after,0.0112976,0.0112976,0.000319891,1.10E-06,0.0128028,0.000514944,1.609747553
806,tool,28,38,0.16,after,0.0328903,0.013358,0.000915124,3.30E-06,0.0184648,0.001071122,1.170466918
807,tool,28,38,0.16,after,0.112917,0.0321356,0.0128342,6.59E-05,0.0501212,0.007892104,0.614927606
808,tool,28,38,0.16,after,0.0589061,0.0292774,0.00263542,1.21E-05,0.0284732,0.002546962,0.966434873
809,tool,28,38,0.16,after,0.316744,0.0890454,0.0416831,0.000234041,0.0764595,0.018365924,0.440608397
810,tool,28,38,0.16,after,0.0961699,0.0367129,0.0111932,6.37E-05,0.049558,0.007715737,0.689323607
811,tool,28,38,0.16,after,0.444702,0.162324,0.232246,0.00154929,0.143564,0.064750179,0.278799975
812,tool,28,38,0.16,after,0.0491836,0.0183592,0.0011845,4.40E-06,0.0203232,0.00129758,1.095466219
813,tool,28,38,0.16,after,0.0357086,0.0245343,0.0011007,4.40E-06,0.0203232,0.00129758,1.178867754
814,tool,28,38,0.16,after,0.0299331,0.0248641,0.00109573,4.40E-06,0.0203232,0.00129758,1.184214849
815,tool,28,38,0.16,after,0.0215651,0.0159545,0.000600901,2.20E-06,0.0161305,0.000817421,1.360324766
816,tool,28,38,0.16,after,0.146185,0.0373949,0.011218,5.82E-05,0.0480909,0.00726567,0.647679642
817,tool,28,38,0.16,after,0.0112976,0.0112976,0.000319891,1.10E-06,0.0128028,0.000514944,1.609747553
818,tool,28,38,0.16,after,0.369312,0.105445,0.0765685,0.000424131,0.0932181,0.027299228,0.356533405
819,tool,28,38,0.16,after,0.0994151,0.041463,0.00806708,4.07E-05,0.0426617,0.005717763,0.708777339
820,tool,28,38,0.16,after,0.0112976,0.0112976,0.000319891,1.10E-06,0.0128028,0.000514944,1.609747553
821,tool,28,38,0.16,after,0.0215651,0.0159545,0.000600901,2.20E-06,0.0161305,0.000817421,1.360324766
822,tool,28,38,0.16,after,0.0112976,0.0112976,0.000319891,1.10E-06,0.0128028,0.000514944,1.609747553
823,tool,28,38,0.16,after,0.286569,0.0734258,0.0374609,0.00022635,0.0756125,0.017961271,0.479467153
824,tool,28,38,0.16,after,0.532877,0.129728,0.147375,0.000915288,0.120463,0.045588701,0.309338093
825,tool,28,38,0.16,after,0.147027,0.0672231,0.0212704,0.000128558,0.0626181,0.012318268,0.579127232
826,tool,28,38,0.16,after,0.0112976,0.0112976,0.000319891,1.10E-06,0.0128028,0.000514944,1.609747553
827,tool,28,38,0.16,after,0.0112976,0.0112976,0.000319891,1.10E-06,0.0128028,0.000514944,1.609747553
828,tool,28,38,0.16,after,0.401596,0.156539,0.159908,0.00110098,0.128113,0.051562774,0.322452749
829,tool,28,38,0.16,after,0.0112976,0.0112976,0.000319891,1.10E-06,0.0128028,0.000514944,1.609747553
830,tool,28,38,0.16,after,0.0215651,0.0159545,0.000600901,2.20E-06,0.0161305,0.000817421,1.360324766
831,tool,28,38,0.16,after,0.0112976,0.0112976,0.000319891,1.10E-06,0.0128028,0.000514944,1.609747553
832,tool,28,38,0.16,after,0.0834404,0.0367859,0.00798704,4.07E-05,0.0426617,0.005717763,0.715880163
833,tool,28,38,0.16,after,0.0914525,0.0314362,0.00711174,3.41E-05,0.0402184,0.005081588,0.714535121
834,tool,28,38,0.16,after,0.273696,0.095777,0.0865393,0.000586751,0.103869,0.033893918,0.391659257
835,tool,28,38,0.16,after,0.120534,0.0474313,0.01095,6.26E-05,0.0492716,0.007626815,0.696512772
836,tool,28,38,0.16,after,1.02786,0.260335,0.478133,0.00336118,0.185851,0.108512477,0.226950403
837,tool,28,38,0.16,after,0.0297089,0.0154043,0.000859452,3.30E-06,0.0184648,0.001071122,1.24628527
838,tool,28,38,0.16,after,0.136175,0.0319982,0.0171143,8.46E-05,0.0544672,0.009320087,0.544578927
839,tool,28,38,0.16,after,0.207759,0.0467793,0.0373251,0.000193386,0.0717479,0.016172169,0.433278642
840,tool,28,38,0.16,after,0.0112976,0.0112976,0.000319891,1.10E-06,0.0128028,0.000514944,1.609747553
841,tool,28,38,0.16,after,0.167266,0.0431645,0.0137254,6.59E-05,0.0501212,0.007892104,0.574999919
842,tool,28,38,0.16,after,0.260797,0.0841206,0.0343195,0.000203275,0.0729506,0.016718896,0.487154431
843,tool,28,38,0.16,after,0.12458,0.0407033,0.0152672,7.36E-05,0.0519992,0.008494605,0.556395748
844,tool,28,38,0.16,after,0.0112976,0.0112976,0.000319891,1.10E-06,0.0128028,0.000514944,1.609747553
845,tool,28,38,0.16,after,0.835222,0.274811,0.446307,0.00222614,0.162001,0.082448975,0.184736012
846,tool,28,38,0.16,after,0.210256,0.0328971,0.0129192,5.49E-05,0.0471659,0.006988857,0.540966663
847,tool,28,38,0.16,after,0.421286,0.0746399,0.0538844,0.000312055,0.0841545,0.022248696,0.412896793
848,tool,28,38,0.16,after,0.317134,0.0736709,0.059895,0.000282388,0.0813984,0.020815249,0.347528991
849,tool,28,38,0.16,after,0.173947,0.0410698,0.0125011,5.60E-05,0.0474783,0.007081744,0.56648963
850,tool,28,38,0.16,after,0.030152,0.0123278,0.000859275,3.30E-06,0.0184648,0.001071122,1.246541989
851,tool,28,38,0.16,after,0.337671,0.0359632,0.0257795,0.00011757,0.0607807,0.011605965,0.450201334
852,tool,28,38,0.16,after,0.0234263,0.0112976,0.00060072,2.20E-06,0.0161305,0.000817421,1.360734639
853,tool,28,38,0.16,after,0.0978626,0.0185089,0.00384475,1.65E-05,0.0315744,0.003131988,0.814614207
854,tool,28,38,0.16,after,0.0926347,0.0185089,0.00297226,1.21E-05,0.0284732,0.002546962,0.856910833
855,tool,28,38,0.16,after,0.0227322,0.0142193,0.00060072,2.20E-06,0.0161305,0.000817421,1.360734639
856,tool,28,38,0.16,after,0.0328903,0.0143672,0.000881549,3.30E-06,0.0184648,0.001071122,1.215045752
857,tool,28,38,0.16,after,0.0112976,0.0112976,0.000319891,1.10E-06,0.0128028,0.000514944,1.609747553
858,tool,28,38,0.16,after,0.333572,0.0930886,0.0345848,0.000154929,0.0666363,0.013949917,0.403353987
859,tool,28,38,0.16,after,0.331839,0.0427572,0.0396143,0.00019888,0.072421,0.016477029,0.415936393
860,tool,28,38,0.16,after,0.653581,0.170163,0.146141,0.000717507,0.111073,0.038758492,0.265212996
861,tool,28,38,0.16,after,0.256646,0.053432,0.030551,0.000136249,0.0638428,0.012804827,0.419129563
862,tool,28,38,0.16,after,0.113698,0.0143882,0.00527889,2.31E-05,0.0353219,0.003919566,0.742498146
863,tool,28,38,0.16,after,0.351918,0.0791178,0.0654735,0.00029887,0.0829522,0.021617511,0.330171918
864,tool,28,38,0.16,after,0.030152,0.0184534,0.000617508,2.20E-06,0.0161305,0.000817421,1.323740765
865,tool,28,38,0.16,after,0.0297089,0.0154043,0.000859452,3.30E-06,0.0184648,0.001071122,1.24628527
866,tool,28,38,0.16,after,0.0489272,0.021734,0.00212775,8.79E-06,0.0256056,0.002059775,0.968053116
867,tool,28,38,0.16,after,0.0431302,0.0242218,0.00168448,6.59E-06,0.0232642,0.001700302,1.009392932
868,tool,28,38,0.16,after,0.19643,0.0528313,0.016034,7.03E-05,0.0512112,0.0082391,0.513851819
869,tool,28,38,0.16,after,0.0215651,0.0159545,0.000600901,2.20E-06,0.0161305,0.000817421,1.360324766
870,tool,28,38,0.16,after,0.075038,0.0319224,0.00250398,9.89E-06,0.0266309,0.002228033,0.889796524
871,tool,28,38,0.16,after,0.0112976,0.0112976,0.000319891,1.10E-06,0.0128028,0.000514944,1.609747553
872,tool,28,38,0.16,after,0.0112976,0.0112976,0.000319891,1.10E-06,0.0128028,0.000514944,1.609747553
873,tool,28,38,0.16,after,0.0227322,0.0142193,0.00060072,2.20E-06,0.0161305,0.000817421,1.360734639
874,tool,28,38,0.16,after,0.0112976,0.0112976,0.000319891,1.10E-06,0.0128028,0.000514944,1.609747553
875,tool,28,38,0.16,after,0.597441,0.267726,0.285152,0.00133942,0.136764,0.05876158,0.206071076
876,tool,28,38,0.16,after,0.116562,0.0313544,0.00891109,3.96E-05,0.0422739,0.005614286,0.630033546
877,tool,28,38,0.16,after,0.0112976,0.0112976,0.000319891,1.10E-06,0.0128028,0.000514944,1.609747553
878,tool,28,38,0.16,after,0.208125,0.0551783,0.0132353,5.60E-05,0.0474783,0.007081744,0.535064827
879,tool,28,38,0.16,after,0.0719026,0.0274249,0.00292443,1.21E-05,0.0284732,0.002546962,0.870925887
880,tool,28,38,0.16,after,0.0328903,0.0143672,0.000881549,3.30E-06,0.0184648,0.001071122,1.215045752
881,tool,28,38,0.16,after,0.0227322,0.0142193,0.00060072,2.20E-06,0.0161305,0.000817421,1.360734639
882,tool,28,38,0.16,after,0.140428,0.0452868,0.0110837,4.94E-05,0.0455382,0.006514808,0.587782742
883,tool,28,38,0.16,after,0.0380742,0.013358,0.00137638,5.49E-06,0.0218925,0.001505707,1.093961999
884,tool,28,38,0.16,after,0.0328903,0.0143672,0.000881549,3.30E-06,0.0184648,0.001071122,1.215045752
885,tool,28,38,0.16,after,0.0112976,0.0112976,0.000319891,1.10E-06,0.0128028,0.000514944,1.609747553
886,tool,28,38,0.16,after,0.0227322,0.0142193,0.00060072,2.20E-06,0.0161305,0.000817421,1.360734639
887,tool,28,38,0.16,after,0.0215651,0.0159545,0.000600901,2.20E-06,0.0161305,0.000817421,1.360324766
888,tool,28,38,0.16,after,0.0379819,0.013358,0.000898337,3.30E-06,0.0184648,0.001071122,1.192339142
889,tool,28,38,0.16,after,0.325337,0.0759443,0.0450733,0.000204374,0.0730818,0.016779088,0.372262241
890,tool,28,38,0.16,after,0.0380945,0.0123278,0.000898337,3.30E-06,0.0184648,0.001071122,1.192339142
891,tool,28,38,0.16,after,0.0434868,0.0123278,0.00159588,6.59E-06,0.0232642,0.001700302,1.065432367
892,tool,28,38,0.16,after,0.0112976,0.0112976,0.000319891,1.10E-06,0.0128028,0.000514944,1.609747553
893,tool,28,38,0.16,after,0.0112976,0.0112976,0.000319891,1.10E-06,0.0128028,0.000514944,1.609747553
894,tool,28,38,0.16,after,0.120987,0.0462901,0.0105327,4.61E-05,0.0445028,0.006221922,0.590724293
895,tool,28,38,0.16,after,0.219234,0.0545231,0.0338339,0.00015383,0.0664784,0.013883884,0.410354243
896,tool,28,38,0.16,after,0.518639,0.181335,0.171838,0.000813101,0.115802,0.042129082,0.245167435
897,tool,28,38,0.16,after,0.119852,0.0262753,0.00449214,1.87E-05,0.0329196,0.003404544,0.757889149
898,tool,28,38,0.16,after,0.174513,0.0445252,0.0110699,4.83E-05,0.0451983,0.006417917,0.57976284
899,tool,28,38,0.16,after,0.0710319,0.0343717,0.00315148,1.32E-05,0.0293111,0.00269907,0.856445145
900,tool,28,38,0.16,after,0.102161,0.037162,0.00625124,2.75E-05,0.0374356,0.004402704,0.704292877
901,tool,28,38,0.16,after,0.0112976,0.0112976,0.000319891,1.10E-06,0.0128028,0.000514944,1.609747553
902,tool,28,38,0.16,after,0.232774,0.0595368,0.018073,8.24E-05,0.0539915,0.009158,0.506722759
903,tool,28,38,0.16,after,0.077188,0.0307977,0.00385966,1.65E-05,0.0315744,0.003131988,0.811467324
